Alarm Level :,1000
Storage cycle [sec] :,0.1
Average :,ON
Unit :,ppm-m
Distance [m] :,

No,yyyy/mm/dd hh:mm:ss.s,Intensity,Measured Value,Error,Location
1,2018/11/01 18:34:38.0,73,5,1,
2,2018/11/01 18:34:38.1,73,1,1,
3,2018/11/01 18:34:38.2,73,0,1,
4,2018/11/01 18:34:38.3,72,1,1,
5,2018/11/01 18:34:38.4,72,2,1,No data
6,2018/11/01 18:34:38.5,73,1,1,
7,2018/11/01 18:34:38.6,73,2,1,
8,2018/11/01 18:34:38.7,73,4,1,
9,2018/11/01 18:34:38.8,73,9,1,
10,2018/11/01 18:34:38.9,72,11,1,No data
11,2018/11/01 18:34:39.0,73,7,1,
12,2018/11/01 18:34:39.1,72,5,1,
13,2018/11/01 18:34:39.2,72,2,1,
14,2018/11/01 18:34:39.3,72,4,1,
15,2018/11/01 18:34:39.4,72,3,1,No data
16,2018/11/01 18:34:39.6,73,6,1,
17,2018/11/01 18:34:39.7,74,14,1,
18,2018/11/01 18:34:39.8,74,15,1,
19,2018/11/01 18:34:39.9,72,12,1,
20,2018/11/01 18:34:40.0,72,9,1,No data
21,2018/11/01 18:34:40.1,73,10,1,
22,2018/11/01 18:34:40.2,73,17,1,
23,2018/11/01 18:34:40.3,73,17,1,
24,2018/11/01 18:34:40.4,72,15,1,
25,2018/11/01 18:34:40.5,72,10,1,No data
26,2018/11/01 18:34:40.6,72,15,1,
27,2018/11/01 18:34:40.7,73,17,1,
28,2018/11/01 18:34:40.8,73,21,1,
29,2018/11/01 18:34:40.9,73,19,1,
30,2018/11/01 18:34:41.0,72,17,1,No data
31,2018/11/01 18:34:41.1,74,12,1,
32,2018/11/01 18:34:41.2,74,11,1,
33,2018/11/01 18:34:41.3,73,10,1,
34,2018/11/01 18:34:41.4,71,15,1,
35,2018/11/01 18:34:41.5,71,19,1,No data
36,2018/11/01 18:34:41.6,72,18,1,
37,2018/11/01 18:34:41.7,76,13,1,
38,2018/11/01 18:34:41.8,148,3,1,
39,2018/11/01 18:34:41.9,227,11,1,
40,2018/11/01 18:34:42.0,251,15,1,No data
41,2018/11/01 18:34:42.1,196,6,1,
42,2018/11/01 18:34:42.2,135,2,1,
43,2018/11/01 18:34:42.3,132,4,1,
44,2018/11/01 18:34:42.4,141,3,1,
45,2018/11/01 18:34:42.5,148,1,1,No data
46,2018/11/01 18:34:42.6,151,3,1,
47,2018/11/01 18:34:42.7,152,6,1,
48,2018/11/01 18:34:42.8,150,7,1,
49,2018/11/01 18:34:42.9,150,6,1,
50,2018/11/01 18:34:43.0,149,5,1,No data
51,2018/11/01 18:34:43.1,150,0,1,
52,2018/11/01 18:34:43.2,149,1,1,
53,2018/11/01 18:34:43.3,148,2,1,
54,2018/11/01 18:34:43.4,147,3,1,
55,2018/11/01 18:34:43.5,147,1,1,No data
56,2018/11/01 18:34:43.6,148,2,1,
57,2018/11/01 18:34:43.7,148,2,1,
58,2018/11/01 18:34:43.8,147,0,1,
59,2018/11/01 18:34:43.9,146,2,1,
60,2018/11/01 18:34:44.0,146,4,1,No data
61,2018/11/01 18:34:44.1,147,1,1,
62,2018/11/01 18:34:44.2,147,5,1,
63,2018/11/01 18:34:44.3,146,4,1,
64,2018/11/01 18:34:44.4,144,5,1,
65,2018/11/01 18:34:44.5,145,5,1,No data
66,2018/11/01 18:34:44.6,147,8,1,
67,2018/11/01 18:34:44.7,157,8,1,
68,2018/11/01 18:34:44.8,158,5,1,
69,2018/11/01 18:34:44.9,154,1,1,
70,2018/11/01 18:34:45.0,144,2,1,No data
71,2018/11/01 18:34:45.1,147,4,1,
72,2018/11/01 18:34:45.2,155,4,1,
73,2018/11/01 18:34:45.3,157,4,1,
74,2018/11/01 18:34:45.4,149,5,1,
75,2018/11/01 18:34:45.5,139,6,1,No data
76,2018/11/01 18:34:45.6,132,6,1,
77,2018/11/01 18:34:45.7,129,7,1,
78,2018/11/01 18:34:45.8,114,4,1,
79,2018/11/01 18:34:45.9,105,6,1,
80,2018/11/01 18:34:46.0,137,5,1,No data
81,2018/11/01 18:34:46.1,196,4,1,
82,2018/11/01 18:34:46.2,232,1,1,
83,2018/11/01 18:34:46.3,216,3,1,
84,2018/11/01 18:34:46.4,180,3,1,
85,2018/11/01 18:34:46.5,155,0,1,No data
86,2018/11/01 18:34:46.6,140,5,1,
87,2018/11/01 18:34:46.7,130,12,1,
88,2018/11/01 18:34:46.8,126,18,1,
89,2018/11/01 18:34:46.9,124,18,1,
90,2018/11/01 18:34:47.0,124,14,1,No data
91,2018/11/01 18:34:47.1,125,15,1,
92,2018/11/01 18:34:47.2,126,13,1,
93,2018/11/01 18:34:47.3,125,19,1,
94,2018/11/01 18:34:47.4,122,22,1,
95,2018/11/01 18:34:47.5,122,18,1,No data
96,2018/11/01 18:34:47.6,122,10,1,
97,2018/11/01 18:34:47.7,123,1,1,
98,2018/11/01 18:34:47.8,121,2,1,
99,2018/11/01 18:34:47.9,119,5,1,
100,2018/11/01 18:34:48.0,119,5,1,No data
101,2018/11/01 18:34:48.1,122,3,1,
102,2018/11/01 18:34:48.2,125,4,1,
103,2018/11/01 18:34:48.3,124,4,1,
104,2018/11/01 18:34:48.4,122,4,1,
105,2018/11/01 18:34:48.5,121,3,1,No data
106,2018/11/01 18:34:48.6,122,3,1,
107,2018/11/01 18:34:48.7,123,3,1,
108,2018/11/01 18:34:48.8,124,0,1,
109,2018/11/01 18:34:48.9,126,1,1,
110,2018/11/01 18:34:49.0,128,0,1,No data
111,2018/11/01 18:34:49.1,128,3,1,
112,2018/11/01 18:34:49.2,125,6,1,
113,2018/11/01 18:34:49.3,122,4,1,
114,2018/11/01 18:34:49.4,121,2,1,
115,2018/11/01 18:34:49.5,121,10,1,No data
116,2018/11/01 18:34:49.6,122,21,1,
117,2018/11/01 18:34:49.7,121,31,1,
118,2018/11/01 18:34:49.8,119,30,1,
119,2018/11/01 18:34:49.9,118,34,1,
120,2018/11/01 18:34:50.0,118,41,1,No data
121,2018/11/01 18:34:50.1,120,47,1,
122,2018/11/01 18:34:50.2,120,46,1,
123,2018/11/01 18:34:50.3,120,38,1,
124,2018/11/01 18:34:50.4,119,28,1,
125,2018/11/01 18:34:50.5,119,18,1,No data
126,2018/11/01 18:34:50.6,120,14,1,
127,2018/11/01 18:34:50.7,120,8,1,
128,2018/11/01 18:34:50.8,120,4,1,
129,2018/11/01 18:34:50.9,121,0,1,
130,2018/11/01 18:34:51.0,123,6,1,No data
131,2018/11/01 18:34:51.1,125,10,1,
132,2018/11/01 18:34:51.2,126,13,1,
133,2018/11/01 18:34:51.3,125,11,1,
134,2018/11/01 18:34:51.4,123,10,1,
135,2018/11/01 18:34:51.5,123,9,1,No data
136,2018/11/01 18:34:51.6,124,9,1,
137,2018/11/01 18:34:51.7,124,7,1,
138,2018/11/01 18:34:51.8,123,8,1,
139,2018/11/01 18:34:51.9,121,5,1,
140,2018/11/01 18:34:52.0,119,6,1,No data
141,2018/11/01 18:34:52.1,120,5,1,
142,2018/11/01 18:34:52.2,122,6,1,
143,2018/11/01 18:34:52.3,123,6,1,
144,2018/11/01 18:34:52.4,123,18,1,
145,2018/11/01 18:34:52.5,124,32,1,No data
146,2018/11/01 18:34:52.6,126,34,1,
147,2018/11/01 18:34:52.7,128,38,1,
148,2018/11/01 18:34:52.8,126,39,1,
149,2018/11/01 18:34:52.9,124,42,1,
150,2018/11/01 18:34:53.0,124,43,1,No data
151,2018/11/01 18:34:53.1,125,46,1,
152,2018/11/01 18:34:53.2,127,43,1,
153,2018/11/01 18:34:53.3,125,31,1,
154,2018/11/01 18:34:53.4,124,15,1,
155,2018/11/01 18:34:53.5,141,4,1,No data
156,2018/11/01 18:34:53.6,148,2,1,
157,2018/11/01 18:34:53.7,152,2,1,
158,2018/11/01 18:34:53.8,134,2,1,
159,2018/11/01 18:34:53.9,130,3,1,
160,2018/11/01 18:34:54.0,128,7,1,No data
161,2018/11/01 18:34:54.2,129,12,1,
162,2018/11/01 18:34:54.3,130,12,1,
163,2018/11/01 18:34:54.4,129,13,1,
164,2018/11/01 18:34:54.5,128,12,1,
165,2018/11/01 18:34:54.6,128,11,1,No data
166,2018/11/01 18:34:54.7,130,12,1,
167,2018/11/01 18:34:54.8,131,13,1,
168,2018/11/01 18:34:54.9,133,17,1,
169,2018/11/01 18:34:55.0,139,13,1,
170,2018/11/01 18:34:55.1,146,7,1,No data
171,2018/11/01 18:34:55.2,149,3,1,
172,2018/11/01 18:34:55.3,144,1,1,
173,2018/11/01 18:34:55.4,137,1,1,
174,2018/11/01 18:34:55.5,133,0,1,
175,2018/11/01 18:34:55.6,132,2,1,No data
176,2018/11/01 18:34:55.7,133,6,1,
177,2018/11/01 18:34:55.8,134,12,1,
178,2018/11/01 18:34:55.9,134,12,1,
179,2018/11/01 18:34:56.0,133,7,1,
180,2018/11/01 18:34:56.1,134,2,1,No data
181,2018/11/01 18:34:56.2,135,3,1,
182,2018/11/01 18:34:56.3,139,5,1,
183,2018/11/01 18:34:56.4,144,5,1,
184,2018/11/01 18:34:56.5,151,4,1,
185,2018/11/01 18:34:56.6,157,1,1,No data
186,2018/11/01 18:34:56.7,158,1,1,
187,2018/11/01 18:34:56.8,155,1,1,
188,2018/11/01 18:34:56.9,149,8,1,
189,2018/11/01 18:34:57.0,147,11,1,
190,2018/11/01 18:34:57.1,146,17,1,No data
191,2018/11/01 18:34:57.2,147,19,1,
192,2018/11/01 18:34:57.3,147,24,1,
193,2018/11/01 18:34:57.4,146,25,1,
194,2018/11/01 18:34:57.5,146,22,1,
195,2018/11/01 18:34:57.6,146,20,1,No data
196,2018/11/01 18:34:57.7,147,16,1,
197,2018/11/01 18:34:57.8,152,13,1,
198,2018/11/01 18:34:57.9,158,9,1,
199,2018/11/01 18:34:58.0,163,5,1,
200,2018/11/01 18:34:58.1,165,3,1,No data
201,2018/11/01 18:34:58.2,173,3,1,
202,2018/11/01 18:34:58.3,183,4,1,
203,2018/11/01 18:34:58.4,194,7,1,
204,2018/11/01 18:34:58.5,198,6,1,
205,2018/11/01 18:34:58.6,200,9,1,No data
206,2018/11/01 18:34:58.7,202,10,1,
207,2018/11/01 18:34:58.8,204,13,1,
208,2018/11/01 18:34:58.9,203,10,1,
209,2018/11/01 18:34:59.0,203,9,1,
210,2018/11/01 18:34:59.1,203,9,1,No data
211,2018/11/01 18:34:59.2,204,12,1,
212,2018/11/01 18:34:59.3,199,14,1,
213,2018/11/01 18:34:59.4,187,11,1,
214,2018/11/01 18:34:59.5,174,6,1,
215,2018/11/01 18:34:59.6,169,1,1,No data
216,2018/11/01 18:34:59.7,172,1,1,
217,2018/11/01 18:34:59.8,177,2,1,
218,2018/11/01 18:34:59.9,180,4,1,
219,2018/11/01 18:35:00.0,181,6,1,
220,2018/11/01 18:35:00.1,182,6,1,No data
221,2018/11/01 18:35:00.2,183,4,1,
222,2018/11/01 18:35:00.3,183,4,1,
223,2018/11/01 18:35:00.4,182,9,1,
224,2018/11/01 18:35:00.5,180,12,1,
225,2018/11/01 18:35:00.6,180,14,1,No data
226,2018/11/01 18:35:00.7,181,13,1,
227,2018/11/01 18:35:00.8,180,9,1,
228,2018/11/01 18:35:00.9,177,5,1,
229,2018/11/01 18:35:01.0,173,2,1,
230,2018/11/01 18:35:01.1,173,3,1,No data
231,2018/11/01 18:35:01.2,173,0,1,
232,2018/11/01 18:35:01.3,172,6,1,
233,2018/11/01 18:35:01.4,170,10,1,
234,2018/11/01 18:35:01.5,168,10,1,
235,2018/11/01 18:35:01.6,168,8,1,No data
236,2018/11/01 18:35:01.7,169,10,1,
237,2018/11/01 18:35:01.8,168,8,1,
238,2018/11/01 18:35:01.9,168,7,1,
239,2018/11/01 18:35:02.0,167,7,1,
240,2018/11/01 18:35:02.1,168,6,1,No data
241,2018/11/01 18:35:02.2,170,5,1,
242,2018/11/01 18:35:02.3,169,2,1,
243,2018/11/01 18:35:02.4,163,1,1,
244,2018/11/01 18:35:02.5,153,2,1,
245,2018/11/01 18:35:02.6,145,1,1,No data
246,2018/11/01 18:35:02.7,140,2,1,
247,2018/11/01 18:35:02.8,139,2,1,
248,2018/11/01 18:35:02.9,137,2,1,
249,2018/11/01 18:35:03.0,136,3,1,
250,2018/11/01 18:35:03.1,136,5,1,No data
251,2018/11/01 18:35:03.2,138,7,1,
252,2018/11/01 18:35:03.3,139,3,1,
253,2018/11/01 18:35:03.4,138,2,1,
254,2018/11/01 18:35:03.5,138,3,1,
255,2018/11/01 18:35:03.6,138,5,1,No data
256,2018/11/01 18:35:03.7,141,3,1,
257,2018/11/01 18:35:03.8,144,1,1,
258,2018/11/01 18:35:03.9,146,1,1,
259,2018/11/01 18:35:04.0,149,1,1,
260,2018/11/01 18:35:04.1,151,2,1,No data
261,2018/11/01 18:35:04.2,153,2,1,
262,2018/11/01 18:35:04.3,151,2,1,
263,2018/11/01 18:35:04.4,150,2,1,
264,2018/11/01 18:35:04.5,149,1,1,
265,2018/11/01 18:35:04.6,149,1,1,No data
266,2018/11/01 18:35:04.7,151,1,1,
267,2018/11/01 18:35:04.8,151,5,1,
268,2018/11/01 18:35:04.9,151,7,1,
269,2018/11/01 18:35:05.0,150,9,1,
270,2018/11/01 18:35:05.1,149,5,1,No data
271,2018/11/01 18:35:05.2,147,1,1,
272,2018/11/01 18:35:05.3,144,1,1,
273,2018/11/01 18:35:05.4,143,2,1,
274,2018/11/01 18:35:05.5,143,1,1,
275,2018/11/01 18:35:05.6,145,1,1,No data
276,2018/11/01 18:35:05.7,148,0,1,
277,2018/11/01 18:35:05.8,149,0,1,
278,2018/11/01 18:35:05.9,149,1,1,
279,2018/11/01 18:35:06.0,150,1,1,
280,2018/11/01 18:35:06.1,151,0,1,No data
281,2018/11/01 18:35:06.2,153,3,1,
282,2018/11/01 18:35:06.3,154,6,1,
283,2018/11/01 18:35:06.4,154,7,1,
284,2018/11/01 18:35:06.5,153,6,1,
285,2018/11/01 18:35:06.6,150,5,1,No data
286,2018/11/01 18:35:06.7,146,4,1,
287,2018/11/01 18:35:06.8,142,4,1,
288,2018/11/01 18:35:06.9,140,4,1,
289,2018/11/01 18:35:07.0,144,2,1,
290,2018/11/01 18:35:07.1,152,0,1,No data
291,2018/11/01 18:35:07.2,160,4,1,
292,2018/11/01 18:35:07.3,162,7,1,
293,2018/11/01 18:35:07.4,162,6,1,
294,2018/11/01 18:35:07.5,157,3,1,
295,2018/11/01 18:35:07.6,151,2,1,No data
296,2018/11/01 18:35:07.7,145,1,1,
297,2018/11/01 18:35:07.8,142,1,1,
298,2018/11/01 18:35:07.9,139,1,1,
299,2018/11/01 18:35:08.0,138,1,1,
300,2018/11/01 18:35:08.1,140,4,1,No data
301,2018/11/01 18:35:08.2,143,4,1,
302,2018/11/01 18:35:08.3,142,1,1,
303,2018/11/01 18:35:08.4,144,1,1,
304,2018/11/01 18:35:08.5,142,1,1,
305,2018/11/01 18:35:08.6,144,1,1,No data
306,2018/11/01 18:35:08.7,143,2,1,
307,2018/11/01 18:35:08.8,144,2,1,
308,2018/11/01 18:35:08.9,142,2,1,
309,2018/11/01 18:35:09.0,141,1,1,
310,2018/11/01 18:35:09.1,142,3,1,No data
311,2018/11/01 18:35:09.2,144,2,1,
312,2018/11/01 18:35:09.3,144,2,1,
313,2018/11/01 18:35:09.4,143,1,1,
314,2018/11/01 18:35:09.5,141,0,1,
315,2018/11/01 18:35:09.6,143,1,1,No data
316,2018/11/01 18:35:09.7,142,4,1,
317,2018/11/01 18:35:09.8,143,4,1,
318,2018/11/01 18:35:09.9,142,2,1,
319,2018/11/01 18:35:10.0,143,1,1,
320,2018/11/01 18:35:10.1,143,2,1,No data
321,2018/11/01 18:35:10.2,145,2,1,
322,2018/11/01 18:35:10.3,144,2,1,
323,2018/11/01 18:35:10.4,142,0,1,
324,2018/11/01 18:35:10.5,139,1,1,
325,2018/11/01 18:35:10.6,139,4,1,No data
326,2018/11/01 18:35:10.7,141,8,1,
327,2018/11/01 18:35:10.8,139,10,1,
328,2018/11/01 18:35:10.9,137,11,1,
329,2018/11/01 18:35:11.0,134,8,1,
330,2018/11/01 18:35:11.1,132,6,1,No data
331,2018/11/01 18:35:11.2,137,3,1,
332,2018/11/01 18:35:11.3,156,4,1,
333,2018/11/01 18:35:11.4,178,15,1,
334,2018/11/01 18:35:11.5,202,17,1,
335,2018/11/01 18:35:11.6,212,26,1,No data
336,2018/11/01 18:35:11.8,221,19,1,
337,2018/11/01 18:35:11.9,222,19,1,
338,2018/11/01 18:35:12.0,222,16,1,
339,2018/11/01 18:35:12.1,224,10,1,
340,2018/11/01 18:35:12.2,223,12,1,No data
341,2018/11/01 18:35:12.3,226,12,1,
342,2018/11/01 18:35:12.4,224,17,1,
343,2018/11/01 18:35:12.5,221,14,1,
344,2018/11/01 18:35:12.6,210,8,1,
345,2018/11/01 18:35:12.7,194,3,1,No data
346,2018/11/01 18:35:12.8,180,6,1,
347,2018/11/01 18:35:12.9,173,10,1,
348,2018/11/01 18:35:13.0,170,18,1,
349,2018/11/01 18:35:13.1,170,23,1,
350,2018/11/01 18:35:13.2,170,35,1,No data
351,2018/11/01 18:35:13.3,170,42,1,
352,2018/11/01 18:35:13.4,170,39,1,
353,2018/11/01 18:35:13.5,169,45,1,
354,2018/11/01 18:35:13.6,168,43,1,
355,2018/11/01 18:35:13.7,168,58,1,No data
356,2018/11/01 18:35:13.8,167,51,1,
357,2018/11/01 18:35:13.9,167,47,1,
358,2018/11/01 18:35:14.0,170,27,1,
359,2018/11/01 18:35:14.1,173,13,1,
360,2018/11/01 18:35:14.2,174,8,1,No data
361,2018/11/01 18:35:14.3,173,15,1,
362,2018/11/01 18:35:14.4,170,21,1,
363,2018/11/01 18:35:14.5,168,22,1,
364,2018/11/01 18:35:14.6,167,20,1,
365,2018/11/01 18:35:14.7,167,23,1,No data
366,2018/11/01 18:35:14.8,168,21,1,
367,2018/11/01 18:35:14.9,168,19,1,
368,2018/11/01 18:35:15.0,167,10,1,
369,2018/11/01 18:35:15.1,167,7,1,
370,2018/11/01 18:35:15.2,168,8,1,No data
371,2018/11/01 18:35:15.3,171,7,1,
372,2018/11/01 18:35:15.4,175,7,1,
373,2018/11/01 18:35:15.5,177,1,1,
374,2018/11/01 18:35:15.6,173,4,1,
375,2018/11/01 18:35:15.7,175,4,1,No data
376,2018/11/01 18:35:15.8,172,14,1,
377,2018/11/01 18:35:15.9,174,39,1,
378,2018/11/01 18:35:16.0,170,58,1,
379,2018/11/01 18:35:16.1,170,77,1,
380,2018/11/01 18:35:16.2,171,93,1,No data
381,2018/11/01 18:35:16.3,170,105,1,
382,2018/11/01 18:35:16.4,172,125,1,
383,2018/11/01 18:35:16.5,167,136,1,
384,2018/11/01 18:35:16.6,168,144,1,
385,2018/11/01 18:35:16.7,170,111,1,No data
386,2018/11/01 18:35:16.8,176,69,1,
387,2018/11/01 18:35:16.9,178,20,1,
388,2018/11/01 18:35:17.0,174,8,1,
389,2018/11/01 18:35:17.1,169,35,1,
390,2018/11/01 18:35:17.2,165,46,1,No data
391,2018/11/01 18:35:17.3,164,65,1,
392,2018/11/01 18:35:17.4,161,64,1,
393,2018/11/01 18:35:17.5,159,78,1,
394,2018/11/01 18:35:17.6,159,67,1,
395,2018/11/01 18:35:17.7,162,81,1,No data
396,2018/11/01 18:35:17.8,164,78,1,
397,2018/11/01 18:35:17.9,164,80,1,
398,2018/11/01 18:35:18.0,164,81,1,
399,2018/11/01 18:35:18.1,172,69,1,
400,2018/11/01 18:35:18.2,207,47,1,No data
401,2018/11/01 18:35:18.3,245,14,1,
402,2018/11/01 18:35:18.4,276,5,1,
403,2018/11/01 18:35:18.5,282,3,1,
404,2018/11/01 18:35:18.6,285,2,1,
405,2018/11/01 18:35:18.7,287,3,1,No data
406,2018/11/01 18:35:18.8,289,5,1,
407,2018/11/01 18:35:18.9,288,5,1,
408,2018/11/01 18:35:19.0,287,7,1,
409,2018/11/01 18:35:19.1,286,5,1,
410,2018/11/01 18:35:19.2,287,7,1,No data
411,2018/11/01 18:35:19.3,288,8,1,
412,2018/11/01 18:35:19.4,291,10,1,
413,2018/11/01 18:35:19.5,292,6,1,
414,2018/11/01 18:35:19.6,294,2,1,
415,2018/11/01 18:35:19.7,297,1,1,No data
416,2018/11/01 18:35:19.8,300,3,1,
417,2018/11/01 18:35:19.9,300,5,1,
418,2018/11/01 18:35:20.0,300,8,1,
419,2018/11/01 18:35:20.1,299,8,1,
420,2018/11/01 18:35:20.2,301,10,1,No data
421,2018/11/01 18:35:20.3,300,8,1,
422,2018/11/01 18:35:20.4,301,8,1,
423,2018/11/01 18:35:20.5,299,5,1,
424,2018/11/01 18:35:20.6,300,5,1,
425,2018/11/01 18:35:20.7,299,6,1,No data
426,2018/11/01 18:35:20.8,299,6,1,
427,2018/11/01 18:35:20.9,296,5,1,
428,2018/11/01 18:35:21.0,293,3,1,
429,2018/11/01 18:35:21.1,293,4,1,
430,2018/11/01 18:35:21.2,294,3,1,No data
431,2018/11/01 18:35:21.3,294,2,1,
432,2018/11/01 18:35:21.4,293,1,1,
433,2018/11/01 18:35:21.5,290,2,1,
434,2018/11/01 18:35:21.6,291,5,1,
435,2018/11/01 18:35:21.7,289,3,1,No data
436,2018/11/01 18:35:21.8,292,6,1,
437,2018/11/01 18:35:21.9,289,3,1,
438,2018/11/01 18:35:22.0,288,6,1,
439,2018/11/01 18:35:22.1,286,3,1,
440,2018/11/01 18:35:22.2,287,2,1,No data
441,2018/11/01 18:35:22.3,287,0,1,
442,2018/11/01 18:35:22.4,286,1,1,
443,2018/11/01 18:35:22.5,288,2,1,
444,2018/11/01 18:35:22.6,291,2,1,
445,2018/11/01 18:35:22.7,295,5,1,No data
446,2018/11/01 18:35:22.8,296,3,1,
447,2018/11/01 18:35:22.9,296,2,1,
448,2018/11/01 18:35:23.0,295,1,1,
449,2018/11/01 18:35:23.1,296,2,1,
450,2018/11/01 18:35:23.2,298,4,1,No data
451,2018/11/01 18:35:23.3,298,3,1,
452,2018/11/01 18:35:23.4,298,1,1,
453,2018/11/01 18:35:23.5,296,4,1,
454,2018/11/01 18:35:23.6,294,4,1,
455,2018/11/01 18:35:23.7,257,4,1,No data
456,2018/11/01 18:35:23.8,200,2,1,
457,2018/11/01 18:35:23.9,137,3,1,
458,2018/11/01 18:35:24.0,103,0,1,
459,2018/11/01 18:35:24.1,90,0,1,
460,2018/11/01 18:35:24.2,85,5,1,No data
461,2018/11/01 18:35:24.3,84,3,1,
462,2018/11/01 18:35:24.4,80,4,1,
463,2018/11/01 18:35:24.5,81,5,1,
464,2018/11/01 18:35:24.6,80,7,1,
465,2018/11/01 18:35:24.7,83,4,1,No data
466,2018/11/01 18:35:24.8,82,7,1,
467,2018/11/01 18:35:24.9,81,14,1,
468,2018/11/01 18:35:25.0,76,22,1,
469,2018/11/01 18:35:25.1,84,18,1,
470,2018/11/01 18:35:25.2,98,12,1,No data
471,2018/11/01 18:35:25.3,116,5,1,
472,2018/11/01 18:35:25.4,124,3,1,
473,2018/11/01 18:35:25.5,123,1,1,
474,2018/11/01 18:35:25.6,125,0,1,
475,2018/11/01 18:35:25.7,124,1,1,No data
476,2018/11/01 18:35:25.8,127,3,1,
477,2018/11/01 18:35:25.9,125,7,1,
478,2018/11/01 18:35:26.0,126,11,1,
479,2018/11/01 18:35:26.1,127,8,1,
480,2018/11/01 18:35:26.2,129,7,1,No data
481,2018/11/01 18:35:26.3,132,2,1,
482,2018/11/01 18:35:26.4,130,0,1,
483,2018/11/01 18:35:26.5,129,3,1,
484,2018/11/01 18:35:26.6,127,1,1,
485,2018/11/01 18:35:26.7,125,1,1,No data
486,2018/11/01 18:35:26.8,124,1,1,
487,2018/11/01 18:35:26.9,125,1,1,
488,2018/11/01 18:35:27.0,125,0,1,
489,2018/11/01 18:35:27.1,129,0,1,
490,2018/11/01 18:35:27.2,129,0,1,No data
491,2018/11/01 18:35:27.3,132,2,1,
492,2018/11/01 18:35:27.4,131,4,1,
493,2018/11/01 18:35:27.5,131,5,1,
494,2018/11/01 18:35:27.6,132,5,1,
495,2018/11/01 18:35:27.7,133,6,1,No data
496,2018/11/01 18:35:27.8,134,7,1,
497,2018/11/01 18:35:27.9,131,7,1,
498,2018/11/01 18:35:28.0,127,6,1,
499,2018/11/01 18:35:28.1,126,5,1,
500,2018/11/01 18:35:28.2,124,3,1,No data
501,2018/11/01 18:35:28.4,133,5,1,
502,2018/11/01 18:35:28.5,130,4,1,
503,2018/11/01 18:35:28.6,131,2,1,
504,2018/11/01 18:35:28.7,131,1,1,
505,2018/11/01 18:35:28.8,135,5,1,No data
506,2018/11/01 18:35:28.8,133,5,1,
507,2018/11/01 18:35:28.9,130,4,1,
508,2018/11/01 18:35:29.0,131,2,1,
509,2018/11/01 18:35:29.1,131,1,1,
510,2018/11/01 18:35:29.2,135,5,1,No data
511,2018/11/01 18:35:29.4,120,0,1,
512,2018/11/01 18:35:29.5,118,0,1,
513,2018/11/01 18:35:29.6,117,4,1,
514,2018/11/01 18:35:29.7,117,7,1,
515,2018/11/01 18:35:29.8,119,7,1,No data
516,2018/11/01 18:35:29.9,118,7,1,
517,2018/11/01 18:35:30.0,117,6,1,
518,2018/11/01 18:35:30.1,115,4,1,
519,2018/11/01 18:35:30.2,116,0,1,
520,2018/11/01 18:35:30.3,119,4,1,No data
521,2018/11/01 18:35:30.4,120,4,1,
522,2018/11/01 18:35:30.5,121,0,1,
523,2018/11/01 18:35:30.6,122,3,1,
524,2018/11/01 18:35:30.7,125,2,1,
525,2018/11/01 18:35:30.8,131,5,1,No data
526,2018/11/01 18:35:30.9,133,8,1,
527,2018/11/01 18:35:31.0,135,11,1,
528,2018/11/01 18:35:31.1,132,10,1,
529,2018/11/01 18:35:31.2,133,8,1,
530,2018/11/01 18:35:31.3,133,7,1,No data
531,2018/11/01 18:35:31.4,133,4,1,
532,2018/11/01 18:35:31.5,132,7,1,
533,2018/11/01 18:35:31.6,129,7,1,
534,2018/11/01 18:35:31.7,130,9,1,
535,2018/11/01 18:35:31.8,129,6,1,No data
536,2018/11/01 18:35:31.9,130,3,1,
537,2018/11/01 18:35:32.0,129,3,1,
538,2018/11/01 18:35:32.1,131,4,1,
539,2018/11/01 18:35:32.2,130,1,1,
540,2018/11/01 18:35:32.3,129,3,1,No data
541,2018/11/01 18:35:32.4,124,9,1,
542,2018/11/01 18:35:32.5,121,9,1,
543,2018/11/01 18:35:32.6,120,8,1,
544,2018/11/01 18:35:32.7,120,5,1,
545,2018/11/01 18:35:32.8,122,8,1,No data
546,2018/11/01 18:35:32.9,122,4,1,
547,2018/11/01 18:35:33.0,120,3,1,
548,2018/11/01 18:35:33.1,119,0,1,
549,2018/11/01 18:35:33.2,119,4,1,
550,2018/11/01 18:35:33.3,119,4,1,No data
551,2018/11/01 18:35:33.4,118,2,1,
552,2018/11/01 18:35:33.5,116,0,1,
553,2018/11/01 18:35:33.6,116,1,1,
554,2018/11/01 18:35:33.7,118,2,1,
555,2018/11/01 18:35:33.8,120,0,1,No data
556,2018/11/01 18:35:33.9,122,3,1,
557,2018/11/01 18:35:34.0,121,4,1,
558,2018/11/01 18:35:34.1,121,4,1,
559,2018/11/01 18:35:34.2,121,5,1,
560,2018/11/01 18:35:34.3,123,6,1,No data
561,2018/11/01 18:35:34.4,123,5,1,
562,2018/11/01 18:35:34.5,122,1,1,
563,2018/11/01 18:35:34.6,124,2,1,
564,2018/11/01 18:35:34.7,127,4,1,
565,2018/11/01 18:35:34.8,130,2,1,No data
566,2018/11/01 18:35:34.9,129,1,1,
567,2018/11/01 18:35:35.0,126,2,1,
568,2018/11/01 18:35:35.1,125,2,1,
569,2018/11/01 18:35:35.2,127,3,1,
570,2018/11/01 18:35:35.3,129,4,1,No data
571,2018/11/01 18:35:35.4,129,4,1,
572,2018/11/01 18:35:35.5,128,4,1,
573,2018/11/01 18:35:35.6,126,3,1,
574,2018/11/01 18:35:35.7,127,3,1,
575,2018/11/01 18:35:35.8,128,2,1,No data
576,2018/11/01 18:35:35.9,128,5,1,
577,2018/11/01 18:35:36.0,130,4,1,
578,2018/11/01 18:35:36.1,130,0,1,
579,2018/11/01 18:35:36.2,131,3,1,
580,2018/11/01 18:35:36.3,127,2,1,No data
581,2018/11/01 18:35:36.4,124,2,1,
582,2018/11/01 18:35:36.5,122,2,1,
583,2018/11/01 18:35:36.6,121,2,1,
584,2018/11/01 18:35:36.7,121,1,1,
585,2018/11/01 18:35:36.8,122,1,1,No data
586,2018/11/01 18:35:36.9,122,1,1,
587,2018/11/01 18:35:37.0,121,3,1,
588,2018/11/01 18:35:37.1,120,2,1,
589,2018/11/01 18:35:37.2,120,8,1,
590,2018/11/01 18:35:37.3,121,7,1,No data
591,2018/11/01 18:35:37.4,122,6,1,
592,2018/11/01 18:35:37.5,123,1,1,
593,2018/11/01 18:35:37.6,123,2,1,
594,2018/11/01 18:35:37.7,124,5,1,
595,2018/11/01 18:35:37.8,122,6,1,No data
596,2018/11/01 18:35:37.9,118,7,1,
597,2018/11/01 18:35:38.0,114,7,1,
598,2018/11/01 18:35:38.1,111,3,1,
599,2018/11/01 18:35:38.2,111,2,1,
600,2018/11/01 18:35:38.3,112,11,1,No data
601,2018/11/01 18:35:38.4,111,8,1,
602,2018/11/01 18:35:38.5,110,4,1,
603,2018/11/01 18:35:38.6,108,5,1,
604,2018/11/01 18:35:38.7,108,7,1,
605,2018/11/01 18:35:38.8,109,8,1,No data
606,2018/11/01 18:35:38.9,112,5,1,
607,2018/11/01 18:35:39.0,116,1,1,
608,2018/11/01 18:35:39.1,119,1,1,
609,2018/11/01 18:35:39.2,123,2,1,
610,2018/11/01 18:35:39.3,130,2,1,No data
611,2018/11/01 18:35:39.4,136,2,1,
612,2018/11/01 18:35:39.5,141,2,1,
613,2018/11/01 18:35:39.6,142,3,1,
614,2018/11/01 18:35:39.7,143,1,1,
615,2018/11/01 18:35:39.8,145,4,1,No data
616,2018/11/01 18:35:39.9,144,4,1,
617,2018/11/01 18:35:40.0,144,7,1,
618,2018/11/01 18:35:40.1,143,3,1,
619,2018/11/01 18:35:40.2,144,2,1,
620,2018/11/01 18:35:40.3,141,1,1,No data
621,2018/11/01 18:35:40.4,135,1,1,
622,2018/11/01 18:35:40.5,126,0,1,
623,2018/11/01 18:35:40.6,123,3,1,
624,2018/11/01 18:35:40.7,122,4,1,
625,2018/11/01 18:35:40.8,123,2,1,No data
626,2018/11/01 18:35:40.9,120,3,1,
627,2018/11/01 18:35:41.0,119,7,1,
628,2018/11/01 18:35:41.1,117,3,1,
629,2018/11/01 18:35:41.2,118,1,1,
630,2018/11/01 18:35:41.3,117,2,1,No data
631,2018/11/01 18:35:41.4,118,1,1,
632,2018/11/01 18:35:41.5,116,1,1,
633,2018/11/01 18:35:41.6,116,0,1,
634,2018/11/01 18:35:41.7,117,1,1,
635,2018/11/01 18:35:41.8,120,0,1,No data
636,2018/11/01 18:35:41.9,122,1,1,
637,2018/11/01 18:35:42.0,119,2,1,
638,2018/11/01 18:35:42.1,119,1,1,
639,2018/11/01 18:35:42.2,117,3,1,
640,2018/11/01 18:35:42.3,122,5,1,No data
641,2018/11/01 18:35:42.4,118,6,1,
642,2018/11/01 18:35:42.5,120,5,1,
643,2018/11/01 18:35:42.6,116,3,1,
644,2018/11/01 18:35:42.7,118,2,1,
645,2018/11/01 18:35:42.8,119,2,1,No data
646,2018/11/01 18:35:42.9,120,6,1,
647,2018/11/01 18:35:43.0,118,4,1,
648,2018/11/01 18:35:43.1,117,2,1,
649,2018/11/01 18:35:43.2,111,1,1,
650,2018/11/01 18:35:43.3,100,2,1,No data
651,2018/11/01 18:35:43.4,100,2,1,
652,2018/11/01 18:35:43.5,107,4,1,
653,2018/11/01 18:35:43.6,125,4,1,
654,2018/11/01 18:35:43.7,131,4,1,
655,2018/11/01 18:35:43.8,138,4,1,No data
656,2018/11/01 18:35:43.9,137,6,1,
657,2018/11/01 18:35:44.0,138,9,1,
658,2018/11/01 18:35:44.1,137,12,1,
659,2018/11/01 18:35:44.2,139,16,1,
660,2018/11/01 18:35:44.3,140,16,1,No data
661,2018/11/01 18:35:44.4,139,15,1,
662,2018/11/01 18:35:44.5,138,10,1,
663,2018/11/01 18:35:44.6,118,9,1,
664,2018/11/01 18:35:44.7,125,5,1,
665,2018/11/01 18:35:44.8,143,1,1,No data
666,2018/11/01 18:35:44.9,180,2,1,
667,2018/11/01 18:35:45.0,192,0,1,
668,2018/11/01 18:35:45.1,195,2,1,
669,2018/11/01 18:35:45.2,197,2,1,
670,2018/11/01 18:35:45.3,199,0,1,No data
671,2018/11/01 18:35:45.4,201,2,1,
672,2018/11/01 18:35:45.5,201,5,1,
673,2018/11/01 18:35:45.6,201,6,1,
674,2018/11/01 18:35:45.7,202,8,1,
675,2018/11/01 18:35:45.8,203,9,1,No data
676,2018/11/01 18:35:45.9,203,8,1,
677,2018/11/01 18:35:46.0,202,5,1,
678,2018/11/01 18:35:46.1,200,2,1,
679,2018/11/01 18:35:46.2,202,2,1,
680,2018/11/01 18:35:46.3,204,0,1,No data
681,2018/11/01 18:35:46.4,206,5,1,
682,2018/11/01 18:35:46.5,205,3,1,
683,2018/11/01 18:35:46.6,205,6,1,
684,2018/11/01 18:35:46.7,207,2,1,
685,2018/11/01 18:35:46.8,209,7,1,No data
686,2018/11/01 18:35:46.9,209,6,1,
687,2018/11/01 18:35:47.0,207,7,1,
688,2018/11/01 18:35:47.1,206,5,1,
689,2018/11/01 18:35:47.2,207,9,1,
690,2018/11/01 18:35:47.3,208,10,1,No data
691,2018/11/01 18:35:47.4,207,9,1,
692,2018/11/01 18:35:47.5,206,4,1,
693,2018/11/01 18:35:47.6,207,1,1,
694,2018/11/01 18:35:47.7,211,0,1,
695,2018/11/01 18:35:47.8,214,0,1,No data
696,2018/11/01 18:35:47.9,215,0,1,
697,2018/11/01 18:35:48.0,214,2,1,
698,2018/11/01 18:35:48.1,213,2,1,
699,2018/11/01 18:35:48.2,213,4,1,
700,2018/11/01 18:35:48.3,213,6,1,No data
701,2018/11/01 18:35:48.4,212,9,1,
702,2018/11/01 18:35:48.5,211,12,1,
703,2018/11/01 18:35:48.6,211,11,1,
704,2018/11/01 18:35:48.7,210,6,1,
705,2018/11/01 18:35:48.8,208,3,1,No data
706,2018/11/01 18:35:48.9,202,0,1,
707,2018/11/01 18:35:49.0,197,1,1,
708,2018/11/01 18:35:49.1,194,1,1,
709,2018/11/01 18:35:49.2,193,1,1,
710,2018/11/01 18:35:49.3,193,1,1,No data
711,2018/11/01 18:35:49.4,192,2,1,
712,2018/11/01 18:35:49.5,189,3,1,
713,2018/11/01 18:35:49.6,188,5,1,
714,2018/11/01 18:35:49.7,188,7,1,
715,2018/11/01 18:35:49.8,189,6,1,No data
716,2018/11/01 18:35:49.9,190,3,1,
717,2018/11/01 18:35:50.0,191,0,1,
718,2018/11/01 18:35:50.1,194,2,1,
719,2018/11/01 18:35:50.2,196,2,1,
720,2018/11/01 18:35:50.3,197,2,1,No data
721,2018/11/01 18:35:50.5,197,1,1,
722,2018/11/01 18:35:50.6,196,2,1,
723,2018/11/01 18:35:50.7,195,2,1,
724,2018/11/01 18:35:50.8,196,1,1,
725,2018/11/01 18:35:50.9,197,1,1,No data
726,2018/11/01 18:35:51.0,197,2,1,
727,2018/11/01 18:35:51.1,195,0,1,
728,2018/11/01 18:35:51.2,194,1,1,
729,2018/11/01 18:35:51.3,194,0,1,
730,2018/11/01 18:35:51.4,195,0,1,No data
731,2018/11/01 18:35:51.5,195,1,1,
732,2018/11/01 18:35:51.6,195,1,1,
733,2018/11/01 18:35:51.7,194,0,1,
734,2018/11/01 18:35:51.8,196,0,1,
735,2018/11/01 18:35:51.9,196,0,1,No data
736,2018/11/01 18:35:52.0,196,1,1,
737,2018/11/01 18:35:52.1,194,5,1,
738,2018/11/01 18:35:52.2,194,10,1,
739,2018/11/01 18:35:52.3,195,13,1,
740,2018/11/01 18:35:52.4,197,14,1,No data
741,2018/11/01 18:35:52.5,197,15,1,
742,2018/11/01 18:35:52.6,196,17,1,
743,2018/11/01 18:35:52.7,196,17,1,
744,2018/11/01 18:35:52.8,192,15,1,
745,2018/11/01 18:35:52.9,162,13,1,No data
746,2018/11/01 18:35:53.0,112,12,1,
747,2018/11/01 18:35:53.1,59,28,1,
748,2018/11/01 18:35:53.2,28,45,0,
749,2018/11/01 18:35:53.3,16,62,0,
750,2018/11/01 18:35:53.4,14,72,0,No data
751,2018/11/01 18:35:53.5,12,68,0,
752,2018/11/01 18:35:53.6,11,59,5,
753,2018/11/01 18:35:53.7,10,36,5,
754,2018/11/01 18:35:53.8,11,28,5,
755,2018/11/01 18:35:53.9,12,40,0,No data
756,2018/11/01 18:35:54.0,13,66,0,
757,2018/11/01 18:35:54.1,11,101,5,
758,2018/11/01 18:35:54.2,11,107,5,
759,2018/11/01 18:35:54.3,26,82,0,
760,2018/11/01 18:35:54.4,45,40,1,No data
761,2018/11/01 18:35:54.5,65,8,1,
762,2018/11/01 18:35:54.6,71,3,1,
763,2018/11/01 18:35:54.7,74,6,1,
764,2018/11/01 18:35:54.8,76,9,1,
765,2018/11/01 18:35:54.9,78,8,1,No data
766,2018/11/01 18:35:55.0,78,5,1,
767,2018/11/01 18:35:55.1,78,8,1,
768,2018/11/01 18:35:55.2,78,8,1,
769,2018/11/01 18:35:55.3,78,9,1,
770,2018/11/01 18:35:55.4,79,1,1,No data
771,2018/11/01 18:35:55.5,78,0,1,
772,2018/11/01 18:35:55.6,81,3,1,
773,2018/11/01 18:35:55.7,83,3,1,
774,2018/11/01 18:35:55.8,83,4,1,
775,2018/11/01 18:35:55.9,79,5,1,No data
776,2018/11/01 18:35:56.0,76,3,1,
777,2018/11/01 18:35:56.1,75,1,1,
778,2018/11/01 18:35:56.2,75,6,1,
779,2018/11/01 18:35:56.3,76,9,1,
780,2018/11/01 18:35:56.4,75,9,1,No data
781,2018/11/01 18:35:56.5,73,7,1,
782,2018/11/01 18:35:56.6,71,1,1,
783,2018/11/01 18:35:56.7,71,3,1,
784,2018/11/01 18:35:56.8,72,8,1,
785,2018/11/01 18:35:56.9,74,8,1,No data
786,2018/11/01 18:35:57.0,80,8,1,
787,2018/11/01 18:35:57.1,92,9,1,
788,2018/11/01 18:35:57.2,102,8,1,
789,2018/11/01 18:35:57.3,105,10,1,
790,2018/11/01 18:35:57.4,99,10,1,No data
791,2018/11/01 18:35:57.5,95,12,1,
792,2018/11/01 18:35:57.6,93,9,1,
793,2018/11/01 18:35:57.7,94,7,1,
794,2018/11/01 18:35:57.8,95,7,1,
795,2018/11/01 18:35:57.9,95,6,1,No data
796,2018/11/01 18:35:58.0,94,3,1,
797,2018/11/01 18:35:58.1,93,3,1,
798,2018/11/01 18:35:58.2,94,3,1,
799,2018/11/01 18:35:58.3,96,4,1,
800,2018/11/01 18:35:58.4,105,2,1,No data
801,2018/11/01 18:35:58.5,123,3,1,
802,2018/11/01 18:35:58.6,139,4,1,
803,2018/11/01 18:35:58.7,145,5,1,
804,2018/11/01 18:35:58.8,141,3,1,
805,2018/11/01 18:35:58.9,139,1,1,No data
806,2018/11/01 18:35:59.0,138,0,1,
807,2018/11/01 18:35:59.1,138,1,1,
808,2018/11/01 18:35:59.2,139,1,1,
809,2018/11/01 18:35:59.3,140,1,1,
810,2018/11/01 18:35:59.4,140,1,1,No data
811,2018/11/01 18:35:59.5,139,1,1,
812,2018/11/01 18:35:59.6,140,1,1,
813,2018/11/01 18:35:59.7,140,1,1,
814,2018/11/01 18:35:59.8,146,3,1,
815,2018/11/01 18:35:59.9,153,2,1,No data
816,2018/11/01 18:36:00.0,155,0,1,
817,2018/11/01 18:36:00.1,155,2,1,
818,2018/11/01 18:36:00.2,163,4,1,
819,2018/11/01 18:36:00.3,169,4,1,
820,2018/11/01 18:36:00.4,177,3,1,No data
821,2018/11/01 18:36:00.5,172,2,1,
822,2018/11/01 18:36:00.6,177,1,1,
823,2018/11/01 18:36:00.7,174,1,1,
824,2018/11/01 18:36:00.8,177,0,1,
825,2018/11/01 18:36:00.9,172,2,1,No data
826,2018/11/01 18:36:01.0,173,1,1,
827,2018/11/01 18:36:01.1,170,1,1,
828,2018/11/01 18:36:01.2,172,1,1,
829,2018/11/01 18:36:01.3,172,1,1,
830,2018/11/01 18:36:01.4,172,1,1,No data
831,2018/11/01 18:36:01.5,163,1,1,
832,2018/11/01 18:36:01.6,157,3,1,
833,2018/11/01 18:36:01.7,150,2,1,
834,2018/11/01 18:36:01.8,152,0,1,
835,2018/11/01 18:36:01.9,149,0,1,No data
836,2018/11/01 18:36:02.0,149,0,1,
837,2018/11/01 18:36:02.1,148,2,1,
838,2018/11/01 18:36:02.2,150,2,1,
839,2018/11/01 18:36:02.3,150,2,1,
840,2018/11/01 18:36:02.4,150,1,1,No data
841,2018/11/01 18:36:02.5,148,0,1,
842,2018/11/01 18:36:02.6,151,1,1,
843,2018/11/01 18:36:02.7,156,1,1,
844,2018/11/01 18:36:02.8,162,0,1,
845,2018/11/01 18:36:02.9,158,2,1,No data
846,2018/11/01 18:36:03.0,156,2,1,
847,2018/11/01 18:36:03.1,154,4,1,
848,2018/11/01 18:36:03.2,157,4,1,
849,2018/11/01 18:36:03.3,156,5,1,
850,2018/11/01 18:36:03.4,155,3,1,No data
851,2018/11/01 18:36:03.5,153,5,1,
852,2018/11/01 18:36:03.6,154,5,1,
853,2018/11/01 18:36:03.7,155,8,1,
854,2018/11/01 18:36:03.8,156,6,1,
855,2018/11/01 18:36:03.9,156,8,1,No data
856,2018/11/01 18:36:04.0,152,8,1,
857,2018/11/01 18:36:04.1,151,9,1,
858,2018/11/01 18:36:04.2,154,7,1,
859,2018/11/01 18:36:04.3,165,5,1,
860,2018/11/01 18:36:04.4,175,3,1,No data
861,2018/11/01 18:36:04.5,185,0,1,
862,2018/11/01 18:36:04.6,190,2,1,
863,2018/11/01 18:36:04.7,197,2,1,
864,2018/11/01 18:36:04.8,201,1,1,
865,2018/11/01 18:36:04.9,203,2,1,No data
866,2018/11/01 18:36:05.0,203,2,1,
867,2018/11/01 18:36:05.1,205,1,1,
868,2018/11/01 18:36:05.2,207,1,1,
869,2018/11/01 18:36:05.3,204,3,1,
870,2018/11/01 18:36:05.4,194,4,1,No data
871,2018/11/01 18:36:05.6,182,5,1,
872,2018/11/01 18:36:05.7,169,5,1,
873,2018/11/01 18:36:05.8,161,5,1,
874,2018/11/01 18:36:05.9,151,3,1,
875,2018/11/01 18:36:06.0,148,4,1,No data
876,2018/11/01 18:36:06.1,144,4,1,
877,2018/11/01 18:36:06.2,144,4,1,
878,2018/11/01 18:36:06.3,144,4,1,
879,2018/11/01 18:36:06.4,145,4,1,
880,2018/11/01 18:36:06.5,144,3,1,No data
881,2018/11/01 18:36:06.6,143,0,1,
882,2018/11/01 18:36:06.7,143,2,1,
883,2018/11/01 18:36:06.8,147,4,1,
884,2018/11/01 18:36:06.9,154,4,1,
885,2018/11/01 18:36:07.0,164,2,1,No data
886,2018/11/01 18:36:07.1,167,1,1,
887,2018/11/01 18:36:07.2,164,2,1,
888,2018/11/01 18:36:07.3,158,3,1,
889,2018/11/01 18:36:07.4,156,3,1,
890,2018/11/01 18:36:07.5,155,1,1,No data
891,2018/11/01 18:36:07.6,154,1,1,
892,2018/11/01 18:36:07.7,154,0,1,
893,2018/11/01 18:36:07.8,155,0,1,
894,2018/11/01 18:36:07.9,156,1,1,
895,2018/11/01 18:36:08.0,155,1,1,No data
896,2018/11/01 18:36:08.1,154,0,1,
897,2018/11/01 18:36:08.2,159,2,1,
898,2018/11/01 18:36:08.3,168,4,1,
899,2018/11/01 18:36:08.4,176,1,1,
900,2018/11/01 18:36:08.5,175,1,1,No data
901,2018/11/01 18:36:08.6,162,3,1,
902,2018/11/01 18:36:08.7,149,0,1,
903,2018/11/01 18:36:08.8,139,1,1,
904,2018/11/01 18:36:08.9,136,1,1,
905,2018/11/01 18:36:09.0,134,1,1,No data
906,2018/11/01 18:36:09.1,133,1,1,
907,2018/11/01 18:36:09.2,133,2,1,
908,2018/11/01 18:36:09.3,134,2,1,
909,2018/11/01 18:36:09.4,134,0,1,
910,2018/11/01 18:36:09.5,133,1,1,No data
911,2018/11/01 18:36:09.6,135,3,1,
912,2018/11/01 18:36:09.7,145,1,1,
913,2018/11/01 18:36:09.8,156,0,1,
914,2018/11/01 18:36:09.9,172,2,1,
915,2018/11/01 18:36:10.0,189,1,1,No data
916,2018/11/01 18:36:10.1,217,1,1,
917,2018/11/01 18:36:10.2,237,1,1,
918,2018/11/01 18:36:10.3,252,0,1,
919,2018/11/01 18:36:10.4,251,0,1,
920,2018/11/01 18:36:10.5,255,1,1,No data
921,2018/11/01 18:36:10.6,251,0,1,
922,2018/11/01 18:36:10.7,255,1,1,
923,2018/11/01 18:36:10.8,255,1,1,
924,2018/11/01 18:36:10.9,260,0,1,
925,2018/11/01 18:36:11.0,248,1,1,No data
926,2018/11/01 18:36:11.1,219,2,1,
927,2018/11/01 18:36:11.2,172,0,1,
928,2018/11/01 18:36:11.3,136,3,1,
929,2018/11/01 18:36:11.4,116,7,1,
930,2018/11/01 18:36:11.5,108,7,1,No data
931,2018/11/01 18:36:11.6,104,5,1,
932,2018/11/01 18:36:11.7,102,0,1,
933,2018/11/01 18:36:11.8,103,1,1,
934,2018/11/01 18:36:11.9,102,1,1,
935,2018/11/01 18:36:12.0,101,1,1,No data
936,2018/11/01 18:36:12.1,99,4,1,
937,2018/11/01 18:36:12.2,100,3,1,
938,2018/11/01 18:36:12.3,102,1,1,
939,2018/11/01 18:36:12.4,101,5,1,
940,2018/11/01 18:36:12.5,96,4,1,No data
941,2018/11/01 18:36:12.6,89,3,1,
942,2018/11/01 18:36:12.7,85,0,1,
943,2018/11/01 18:36:12.8,85,1,1,
944,2018/11/01 18:36:12.9,84,1,1,
945,2018/11/01 18:36:13.0,83,2,1,No data
946,2018/11/01 18:36:13.1,81,3,1,
947,2018/11/01 18:36:13.2,82,1,1,
948,2018/11/01 18:36:13.3,82,2,1,
949,2018/11/01 18:36:13.4,84,1,1,
950,2018/11/01 18:36:13.5,83,3,1,No data
951,2018/11/01 18:36:13.6,82,1,1,
952,2018/11/01 18:36:13.7,82,4,1,
953,2018/11/01 18:36:13.8,85,8,1,
954,2018/11/01 18:36:13.9,84,10,1,
955,2018/11/01 18:36:14.0,79,8,1,No data
956,2018/11/01 18:36:14.1,70,6,1,
957,2018/11/01 18:36:14.2,62,10,1,
958,2018/11/01 18:36:14.3,57,16,1,
959,2018/11/01 18:36:14.4,56,12,1,
960,2018/11/01 18:36:14.5,54,8,1,No data
961,2018/11/01 18:36:14.6,53,8,1,
962,2018/11/01 18:36:14.7,53,11,1,
963,2018/11/01 18:36:14.8,55,14,1,
964,2018/11/01 18:36:14.9,55,7,1,
965,2018/11/01 18:36:15.0,54,7,1,No data
966,2018/11/01 18:36:15.1,53,5,1,
967,2018/11/01 18:36:15.2,54,2,1,
968,2018/11/01 18:36:15.3,55,1,1,
969,2018/11/01 18:36:15.4,46,1,1,
970,2018/11/01 18:36:15.5,32,9,1,No data
971,2018/11/01 18:36:15.6,21,22,0,
972,2018/11/01 18:36:15.7,19,38,0,
973,2018/11/01 18:36:15.8,19,38,0,
974,2018/11/01 18:36:15.9,19,47,0,
975,2018/11/01 18:36:16.0,17,57,0,No data
976,2018/11/01 18:36:16.1,16,4,0,
977,2018/11/01 18:36:16.2,17,9,0,
978,2018/11/01 18:36:16.3,18,15,0,
979,2018/11/01 18:36:16.4,19,18,0,
980,2018/11/01 18:36:16.5,17,28,0,No data
981,2018/11/01 18:36:16.6,17,11,0,
982,2018/11/01 18:36:16.7,46,23,1,
983,2018/11/01 18:36:16.8,92,12,1,
984,2018/11/01 18:36:16.9,147,3,1,
985,2018/11/01 18:36:17.0,173,0,1,No data
986,2018/11/01 18:36:17.1,185,4,1,
987,2018/11/01 18:36:17.2,190,6,1,
988,2018/11/01 18:36:17.3,193,5,1,
989,2018/11/01 18:36:17.4,193,3,1,
990,2018/11/01 18:36:17.5,192,1,1,No data
991,2018/11/01 18:36:17.6,191,2,1,
992,2018/11/01 18:36:17.7,191,5,1,
993,2018/11/01 18:36:17.8,192,8,1,
994,2018/11/01 18:36:17.9,192,12,1,
995,2018/11/01 18:36:18.0,191,12,1,No data
996,2018/11/01 18:36:18.1,192,10,1,
997,2018/11/01 18:36:18.2,193,6,1,
998,2018/11/01 18:36:18.3,196,3,1,
999,2018/11/01 18:36:18.4,195,1,1,
1000,2018/11/01 18:36:18.5,194,1,1,No data
1001,2018/11/01 18:36:18.6,192,3,1,
1002,2018/11/01 18:36:18.7,192,2,1,
1003,2018/11/01 18:36:18.8,192,1,1,
1004,2018/11/01 18:36:18.9,192,1,1,
1005,2018/11/01 18:36:19.0,189,1,1,No data
1006,2018/11/01 18:36:19.1,189,3,1,
1007,2018/11/01 18:36:19.2,189,4,1,
1008,2018/11/01 18:36:19.3,192,4,1,
1009,2018/11/01 18:36:19.4,192,1,1,
1010,2018/11/01 18:36:19.5,192,2,1,No data
1011,2018/11/01 18:36:19.6,192,4,1,
1012,2018/11/01 18:36:19.7,193,6,1,
1013,2018/11/01 18:36:19.8,194,8,1,
1014,2018/11/01 18:36:19.9,194,10,1,
1015,2018/11/01 18:36:20.0,194,10,1,No data
1016,2018/11/01 18:36:20.1,192,10,1,
1017,2018/11/01 18:36:20.2,193,8,1,
1018,2018/11/01 18:36:20.3,194,8,1,
1019,2018/11/01 18:36:20.4,194,6,1,
1020,2018/11/01 18:36:20.5,193,7,1,No data
1021,2018/11/01 18:36:20.6,193,5,1,
1022,2018/11/01 18:36:20.7,194,3,1,
1023,2018/11/01 18:36:20.8,192,1,1,
1024,2018/11/01 18:36:20.9,166,2,1,
1025,2018/11/01 18:36:21.0,140,2,1,No data
1026,2018/11/01 18:36:21.1,113,0,1,
1027,2018/11/01 18:36:21.2,112,3,1,
1028,2018/11/01 18:36:21.3,108,9,1,
1029,2018/11/01 18:36:21.4,110,12,1,
1030,2018/11/01 18:36:21.5,106,16,1,No data
1031,2018/11/01 18:36:21.6,106,14,1,
1032,2018/11/01 18:36:21.7,105,19,1,
1033,2018/11/01 18:36:21.8,107,20,1,
1034,2018/11/01 18:36:21.9,103,20,1,
1035,2018/11/01 18:36:22.0,84,16,1,No data
1036,2018/11/01 18:36:22.1,56,3,1,
1037,2018/11/01 18:36:22.2,30,2,1,
1038,2018/11/01 18:36:22.3,18,2,0,
1039,2018/11/01 18:36:22.4,12,20,0,
1040,2018/11/01 18:36:22.5,10,34,5,No data
1041,2018/11/01 18:36:22.6,9,29,5,
1042,2018/11/01 18:36:22.7,11,22,5,
1043,2018/11/01 18:36:22.8,12,5,0,
1044,2018/11/01 18:36:22.9,11,24,5,
1045,2018/11/01 18:36:23.0,11,38,5,No data
1046,2018/11/01 18:36:23.1,10,48,5,
1047,2018/11/01 18:36:23.2,11,63,5,
1048,2018/11/01 18:36:23.3,12,58,0,
1049,2018/11/01 18:36:23.4,28,48,0,
1050,2018/11/01 18:36:23.5,46,24,1,No data
1051,2018/11/01 18:36:23.6,64,9,1,
1052,2018/11/01 18:36:23.7,68,9,1,
1053,2018/11/01 18:36:23.8,68,5,1,
1054,2018/11/01 18:36:23.9,67,4,1,
1055,2018/11/01 18:36:24.0,66,10,1,No data
1056,2018/11/01 18:36:24.1,66,12,1,
1057,2018/11/01 18:36:24.2,66,7,1,
1058,2018/11/01 18:36:24.3,66,5,1,
1059,2018/11/01 18:36:24.4,65,7,1,
1060,2018/11/01 18:36:24.5,64,14,1,No data
1061,2018/11/01 18:36:24.6,68,8,1,
1062,2018/11/01 18:36:24.7,74,5,1,
1063,2018/11/01 18:36:24.8,80,1,1,
1064,2018/11/01 18:36:24.9,86,3,1,
1065,2018/11/01 18:36:25.0,91,3,1,No data
1066,2018/11/01 18:36:25.1,98,4,1,
1067,2018/11/01 18:36:25.2,99,5,1,
1068,2018/11/01 18:36:25.3,100,5,1,
1069,2018/11/01 18:36:25.4,97,4,1,
1070,2018/11/01 18:36:25.5,97,0,1,No data
1071,2018/11/01 18:36:25.6,98,1,1,
1072,2018/11/01 18:36:25.7,100,2,1,
1073,2018/11/01 18:36:25.8,100,4,1,
1074,2018/11/01 18:36:25.9,99,6,1,
1075,2018/11/01 18:36:26.0,95,5,1,No data
1076,2018/11/01 18:36:26.1,99,0,1,
1077,2018/11/01 18:36:26.2,108,4,1,
1078,2018/11/01 18:36:26.3,118,4,1,
1079,2018/11/01 18:36:26.4,119,1,1,
1080,2018/11/01 18:36:26.5,116,2,1,No data
1081,2018/11/01 18:36:26.6,112,1,1,
1082,2018/11/01 18:36:26.7,113,3,1,
1083,2018/11/01 18:36:26.8,110,4,1,
1084,2018/11/01 18:36:26.9,109,3,1,
1085,2018/11/01 18:36:27.0,107,2,1,No data
1086,2018/11/01 18:36:27.1,108,4,1,
1087,2018/11/01 18:36:27.2,110,4,1,
1088,2018/11/01 18:36:27.3,111,3,1,
1089,2018/11/01 18:36:27.4,118,0,1,
1090,2018/11/01 18:36:27.5,136,2,1,No data
1091,2018/11/01 18:36:27.6,156,2,1,
1092,2018/11/01 18:36:27.7,168,2,1,
1093,2018/11/01 18:36:27.8,163,0,1,
1094,2018/11/01 18:36:27.9,158,0,1,
1095,2018/11/01 18:36:28.0,154,0,1,No data
1096,2018/11/01 18:36:28.1,156,1,1,
1097,2018/11/01 18:36:28.2,156,3,1,
1098,2018/11/01 18:36:28.3,157,4,1,
1099,2018/11/01 18:36:28.4,155,5,1,
1100,2018/11/01 18:36:28.5,155,8,1,No data
1101,2018/11/01 18:36:28.6,155,10,1,
1102,2018/11/01 18:36:28.7,157,9,1,
1103,2018/11/01 18:36:28.8,161,7,1,
1104,2018/11/01 18:36:28.9,165,4,1,
1105,2018/11/01 18:36:29.0,168,3,1,No data
1106,2018/11/01 18:36:29.1,161,3,1,
1107,2018/11/01 18:36:29.2,151,4,1,
1108,2018/11/01 18:36:29.3,141,4,1,
1109,2018/11/01 18:36:29.4,136,4,1,
1110,2018/11/01 18:36:29.5,134,1,1,No data
1111,2018/11/01 18:36:29.6,135,0,1,
1112,2018/11/01 18:36:29.7,136,3,1,
1113,2018/11/01 18:36:29.8,136,2,1,
1114,2018/11/01 18:36:29.9,134,1,1,
1115,2018/11/01 18:36:30.0,134,2,1,No data
1116,2018/11/01 18:36:30.2,140,2,1,
1117,2018/11/01 18:36:30.3,148,4,1,
1118,2018/11/01 18:36:30.4,158,4,1,
1119,2018/11/01 18:36:30.5,160,1,1,
1120,2018/11/01 18:36:30.6,160,2,1,No data
1121,2018/11/01 18:36:30.7,157,2,1,
1122,2018/11/01 18:36:30.8,157,0,1,
1123,2018/11/01 18:36:30.9,156,2,1,
1124,2018/11/01 18:36:31.0,155,1,1,
1125,2018/11/01 18:36:31.1,154,1,1,No data
1126,2018/11/01 18:36:31.2,154,2,1,
1127,2018/11/01 18:36:31.3,154,3,1,
1128,2018/11/01 18:36:31.4,154,3,1,
1129,2018/11/01 18:36:31.5,153,1,1,
1130,2018/11/01 18:36:31.6,153,0,1,No data
1131,2018/11/01 18:36:31.7,156,0,1,
1132,2018/11/01 18:36:31.8,159,2,1,
1133,2018/11/01 18:36:31.9,160,2,1,
1134,2018/11/01 18:36:32.0,155,1,1,
1135,2018/11/01 18:36:32.1,149,0,1,No data
1136,2018/11/01 18:36:32.2,143,1,1,
1137,2018/11/01 18:36:32.3,142,3,1,
1138,2018/11/01 18:36:32.4,141,2,1,
1139,2018/11/01 18:36:32.5,139,2,1,
1140,2018/11/01 18:36:32.6,139,3,1,No data
1141,2018/11/01 18:36:32.7,139,4,1,
1142,2018/11/01 18:36:32.8,140,6,1,
1143,2018/11/01 18:36:32.9,140,9,1,
1144,2018/11/01 18:36:33.0,138,9,1,
1145,2018/11/01 18:36:33.1,145,6,1,No data
1146,2018/11/01 18:36:33.2,153,1,1,
1147,2018/11/01 18:36:33.3,157,2,1,
1148,2018/11/01 18:36:33.4,149,3,1,
1149,2018/11/01 18:36:33.5,137,2,1,
1150,2018/11/01 18:36:33.6,129,0,1,No data
1151,2018/11/01 18:36:33.7,126,2,1,
1152,2018/11/01 18:36:33.8,126,3,1,
1153,2018/11/01 18:36:33.9,125,4,1,
1154,2018/11/01 18:36:34.0,124,6,1,
1155,2018/11/01 18:36:34.1,123,4,1,No data
1156,2018/11/01 18:36:34.2,123,4,1,
1157,2018/11/01 18:36:34.3,123,2,1,
1158,2018/11/01 18:36:34.4,127,3,1,
1159,2018/11/01 18:36:34.5,135,4,1,
1160,2018/11/01 18:36:34.6,142,4,1,No data
1161,2018/11/01 18:36:34.7,153,3,1,
1162,2018/11/01 18:36:34.8,155,2,1,
1163,2018/11/01 18:36:34.9,162,4,1,
1164,2018/11/01 18:36:35.0,159,7,1,
1165,2018/11/01 18:36:35.1,164,3,1,No data
1166,2018/11/01 18:36:35.2,165,2,1,
1167,2018/11/01 18:36:35.3,171,9,1,
1168,2018/11/01 18:36:35.4,170,9,1,
1169,2018/11/01 18:36:35.5,171,8,1,
1170,2018/11/01 18:36:35.6,169,5,1,No data
1171,2018/11/01 18:36:35.7,163,6,1,
1172,2018/11/01 18:36:35.8,154,4,1,
1173,2018/11/01 18:36:35.9,141,4,1,
1174,2018/11/01 18:36:36.0,129,5,1,
1175,2018/11/01 18:36:36.1,118,4,1,No data
1176,2018/11/01 18:36:36.2,110,1,1,
1177,2018/11/01 18:36:36.3,108,5,1,
1178,2018/11/01 18:36:36.4,107,1,1,
1179,2018/11/01 18:36:36.5,106,3,1,
1180,2018/11/01 18:36:36.6,107,6,1,No data
1181,2018/11/01 18:36:36.7,108,4,1,
1182,2018/11/01 18:36:36.8,108,4,1,
1183,2018/11/01 18:36:36.9,108,5,1,
1184,2018/11/01 18:36:37.0,106,2,1,
1185,2018/11/01 18:36:37.1,111,1,1,No data
1186,2018/11/01 18:36:37.2,120,2,1,
1187,2018/11/01 18:36:37.3,128,1,1,
1188,2018/11/01 18:36:37.4,128,2,1,
1189,2018/11/01 18:36:37.5,124,2,1,
1190,2018/11/01 18:36:37.6,122,3,1,No data
1191,2018/11/01 18:36:37.7,122,3,1,
1192,2018/11/01 18:36:37.8,122,5,1,
1193,2018/11/01 18:36:37.9,122,5,1,
1194,2018/11/01 18:36:38.0,121,9,1,
1195,2018/11/01 18:36:38.1,120,12,1,No data
1196,2018/11/01 18:36:38.2,121,13,1,
1197,2018/11/01 18:36:38.3,122,13,1,
1198,2018/11/01 18:36:38.4,122,14,1,
1199,2018/11/01 18:36:38.5,123,11,1,
1200,2018/11/01 18:36:38.6,126,11,1,No data
1201,2018/11/01 18:36:38.7,132,6,1,
1202,2018/11/01 18:36:38.8,145,1,1,
1203,2018/11/01 18:36:38.9,158,9,1,
1204,2018/11/01 18:36:39.0,169,14,1,
1205,2018/11/01 18:36:39.1,174,17,1,No data
1206,2018/11/01 18:36:39.2,177,18,1,
1207,2018/11/01 18:36:39.3,180,21,1,
1208,2018/11/01 18:36:39.4,181,24,1,
1209,2018/11/01 18:36:39.5,180,23,1,
1210,2018/11/01 18:36:39.6,180,25,1,No data
1211,2018/11/01 18:36:39.7,181,22,1,
1212,2018/11/01 18:36:39.8,181,19,1,
1213,2018/11/01 18:36:39.9,171,13,1,
1214,2018/11/01 18:36:40.0,158,6,1,
1215,2018/11/01 18:36:40.1,144,2,1,No data
1216,2018/11/01 18:36:40.2,141,5,1,
1217,2018/11/01 18:36:40.3,144,7,1,
1218,2018/11/01 18:36:40.4,148,8,1,
1219,2018/11/01 18:36:40.5,152,7,1,
1220,2018/11/01 18:36:40.6,151,8,1,No data
1221,2018/11/01 18:36:40.7,155,7,1,
1222,2018/11/01 18:36:40.8,154,7,1,
1223,2018/11/01 18:36:40.9,155,6,1,
1224,2018/11/01 18:36:41.0,151,6,1,
1225,2018/11/01 18:36:41.1,153,7,1,No data
1226,2018/11/01 18:36:41.2,151,7,1,
1227,2018/11/01 18:36:41.3,149,5,1,
1228,2018/11/01 18:36:41.4,141,4,1,
1229,2018/11/01 18:36:41.5,139,5,1,
1230,2018/11/01 18:36:41.6,136,7,1,No data
1231,2018/11/01 18:36:41.7,133,5,1,
1232,2018/11/01 18:36:41.8,126,2,1,
1233,2018/11/01 18:36:41.9,122,1,1,
1234,2018/11/01 18:36:42.0,120,1,1,
1235,2018/11/01 18:36:42.1,119,0,1,No data
1236,2018/11/01 18:36:42.2,120,1,1,
1237,2018/11/01 18:36:42.3,121,2,1,
1238,2018/11/01 18:36:42.4,120,3,1,
1239,2018/11/01 18:36:42.5,118,3,1,
1240,2018/11/01 18:36:42.6,122,2,1,No data
1241,2018/11/01 18:36:42.7,126,1,1,
1242,2018/11/01 18:36:42.8,130,1,1,
1243,2018/11/01 18:36:42.9,126,3,1,
1244,2018/11/01 18:36:43.0,121,6,1,
1245,2018/11/01 18:36:43.1,119,7,1,No data
1246,2018/11/01 18:36:43.2,120,8,1,
1247,2018/11/01 18:36:43.3,121,8,1,
1248,2018/11/01 18:36:43.4,120,8,1,
1249,2018/11/01 18:36:43.5,119,7,1,
1250,2018/11/01 18:36:43.6,119,5,1,No data
1251,2018/11/01 18:36:43.7,120,6,1,
1252,2018/11/01 18:36:43.8,121,7,1,
1253,2018/11/01 18:36:43.9,120,7,1,
1254,2018/11/01 18:36:44.0,119,7,1,
1255,2018/11/01 18:36:44.1,116,7,1,No data
1256,2018/11/01 18:36:44.2,113,5,1,
1257,2018/11/01 18:36:44.3,113,3,1,
1258,2018/11/01 18:36:44.4,113,0,1,
1259,2018/11/01 18:36:44.5,115,3,1,
1260,2018/11/01 18:36:44.6,115,3,1,No data
1261,2018/11/01 18:36:44.7,118,7,1,
1262,2018/11/01 18:36:44.8,119,5,1,
1263,2018/11/01 18:36:44.9,118,6,1,
1264,2018/11/01 18:36:45.0,118,4,1,
1265,2018/11/01 18:36:45.1,119,4,1,No data
1266,2018/11/01 18:36:45.2,120,2,1,
1267,2018/11/01 18:36:45.3,122,0,1,
1268,2018/11/01 18:36:45.4,119,2,1,
1269,2018/11/01 18:36:45.5,110,1,1,
1270,2018/11/01 18:36:45.6,100,2,1,No data
1271,2018/11/01 18:36:45.7,92,8,1,
1272,2018/11/01 18:36:45.8,86,9,1,
1273,2018/11/01 18:36:45.9,79,7,1,
1274,2018/11/01 18:36:46.0,74,0,1,
1275,2018/11/01 18:36:46.1,74,1,1,No data
1276,2018/11/01 18:36:46.2,74,3,1,
1277,2018/11/01 18:36:46.3,74,3,1,
1278,2018/11/01 18:36:46.4,72,8,1,
1279,2018/11/01 18:36:46.5,70,7,1,
1280,2018/11/01 18:36:46.6,70,6,1,No data
1281,2018/11/01 18:36:46.7,75,2,1,
1282,2018/11/01 18:36:46.8,74,0,1,
1283,2018/11/01 18:36:46.9,62,8,1,
1284,2018/11/01 18:36:47.0,42,18,1,
1285,2018/11/01 18:36:47.1,27,16,0,No data
1286,2018/11/01 18:36:47.2,22,30,0,
1287,2018/11/01 18:36:47.3,20,25,0,
1288,2018/11/01 18:36:47.4,18,23,0,
1289,2018/11/01 18:36:47.5,17,17,0,
1290,2018/11/01 18:36:47.6,18,8,0,No data
1291,2018/11/01 18:36:47.7,19,12,0,
1292,2018/11/01 18:36:47.8,20,13,0,
1293,2018/11/01 18:36:47.9,18,23,0,
1294,2018/11/01 18:36:48.0,17,34,0,
1295,2018/11/01 18:36:48.1,17,38,0,No data
1296,2018/11/01 18:36:48.2,47,10,1,
1297,2018/11/01 18:36:48.3,98,8,1,
1298,2018/11/01 18:36:48.4,149,5,1,
1299,2018/11/01 18:36:48.5,177,1,1,
1300,2018/11/01 18:36:48.6,184,3,1,No data
1301,2018/11/01 18:36:48.7,191,8,1,
1302,2018/11/01 18:36:48.8,191,8,1,
1303,2018/11/01 18:36:48.9,192,10,1,
1304,2018/11/01 18:36:49.0,189,12,1,
1305,2018/11/01 18:36:49.1,189,14,1,No data
1306,2018/11/01 18:36:49.2,189,16,1,
1307,2018/11/01 18:36:49.3,190,18,1,
1308,2018/11/01 18:36:49.4,188,17,1,
1309,2018/11/01 18:36:49.5,190,14,1,
1310,2018/11/01 18:36:49.6,185,9,1,No data
1311,2018/11/01 18:36:49.7,172,7,1,
1312,2018/11/01 18:36:49.8,153,4,1,
1313,2018/11/01 18:36:49.9,138,5,1,
1314,2018/11/01 18:36:50.0,135,4,1,
1315,2018/11/01 18:36:50.1,134,3,1,No data
1316,2018/11/01 18:36:50.2,136,1,1,
1317,2018/11/01 18:36:50.3,136,2,1,
1318,2018/11/01 18:36:50.4,136,4,1,
1319,2018/11/01 18:36:50.5,134,5,1,
1320,2018/11/01 18:36:50.6,135,5,1,No data
1321,2018/11/01 18:36:50.7,121,2,1,
1322,2018/11/01 18:36:50.8,91,4,1,
1323,2018/11/01 18:36:50.9,60,10,1,
1324,2018/11/01 18:36:51.0,40,19,1,
1325,2018/11/01 18:36:51.1,39,18,1,No data
1326,2018/11/01 18:36:51.2,36,14,1,
1327,2018/11/01 18:36:51.3,37,4,1,
1328,2018/11/01 18:36:51.4,35,1,1,
1329,2018/11/01 18:36:51.5,35,1,1,
1330,2018/11/01 18:36:51.6,36,1,1,No data
1331,2018/11/01 18:36:51.7,38,8,1,
1332,2018/11/01 18:36:51.8,37,10,1,
1333,2018/11/01 18:36:51.9,37,9,1,
1334,2018/11/01 18:36:52.0,34,0,1,
1335,2018/11/01 18:36:52.1,40,1,1,No data
1336,2018/11/01 18:36:52.2,62,2,1,
1337,2018/11/01 18:36:52.3,90,4,1,
1338,2018/11/01 18:36:52.4,111,6,1,
1339,2018/11/01 18:36:52.5,115,8,1,
1340,2018/11/01 18:36:52.6,117,7,1,No data
1341,2018/11/01 18:36:52.7,119,7,1,
1342,2018/11/01 18:36:52.8,120,8,1,
1343,2018/11/01 18:36:52.9,119,8,1,
1344,2018/11/01 18:36:53.0,118,7,1,
1345,2018/11/01 18:36:53.1,118,4,1,No data
1346,2018/11/01 18:36:53.3,120,4,1,
1347,2018/11/01 18:36:53.4,120,5,1,
1348,2018/11/01 18:36:53.5,120,3,1,
1349,2018/11/01 18:36:53.6,123,3,1,
1350,2018/11/01 18:36:53.7,131,4,1,No data
1351,2018/11/01 18:36:53.8,136,8,1,
1352,2018/11/01 18:36:53.9,138,6,1,
1353,2018/11/01 18:36:54.0,134,1,1,
1354,2018/11/01 18:36:54.1,134,5,1,
1355,2018/11/01 18:36:54.2,133,9,1,No data
1356,2018/11/01 18:36:54.3,136,13,1,
1357,2018/11/01 18:36:54.4,135,13,1,
1358,2018/11/01 18:36:54.5,135,16,1,
1359,2018/11/01 18:36:54.6,132,18,1,
1360,2018/11/01 18:36:54.7,132,21,1,No data
1361,2018/11/01 18:36:54.8,132,20,1,
1362,2018/11/01 18:36:54.9,133,16,1,
1363,2018/11/01 18:36:55.0,134,11,1,
1364,2018/11/01 18:36:55.1,135,7,1,
1365,2018/11/01 18:36:55.2,132,5,1,No data
1366,2018/11/01 18:36:55.3,127,6,1,
1367,2018/11/01 18:36:55.4,122,9,1,
1368,2018/11/01 18:36:55.5,119,9,1,
1369,2018/11/01 18:36:55.6,117,5,1,
1370,2018/11/01 18:36:55.7,118,2,1,No data
1371,2018/11/01 18:36:55.8,119,3,1,
1372,2018/11/01 18:36:55.9,120,2,1,
1373,2018/11/01 18:36:56.0,119,2,1,
1374,2018/11/01 18:36:56.1,118,3,1,
1375,2018/11/01 18:36:56.2,121,2,1,No data
1376,2018/11/01 18:36:56.3,130,0,1,
1377,2018/11/01 18:36:56.4,135,3,1,
1378,2018/11/01 18:36:56.5,133,3,1,
1379,2018/11/01 18:36:56.6,130,6,1,
1380,2018/11/01 18:36:56.7,128,6,1,No data
1381,2018/11/01 18:36:56.8,132,2,1,
1382,2018/11/01 18:36:56.9,131,7,1,
1383,2018/11/01 18:36:57.0,132,6,1,
1384,2018/11/01 18:36:57.1,130,3,1,
1385,2018/11/01 18:36:57.2,131,1,1,No data
1386,2018/11/01 18:36:57.3,132,1,1,
1387,2018/11/01 18:36:57.4,134,1,1,
1388,2018/11/01 18:36:57.5,131,0,1,
1389,2018/11/01 18:36:57.6,132,2,1,
1390,2018/11/01 18:36:57.7,131,2,1,No data
1391,2018/11/01 18:36:57.8,135,1,1,
1392,2018/11/01 18:36:57.9,132,0,1,
1393,2018/11/01 18:36:58.0,129,0,1,
1394,2018/11/01 18:36:58.1,125,2,1,
1395,2018/11/01 18:36:58.2,125,2,1,No data
1396,2018/11/01 18:36:58.3,125,7,1,
1397,2018/11/01 18:36:58.4,125,10,1,
1398,2018/11/01 18:36:58.5,123,17,1,
1399,2018/11/01 18:36:58.6,122,18,1,
1400,2018/11/01 18:36:58.7,121,22,1,No data
1401,2018/11/01 18:36:58.8,122,20,1,
1402,2018/11/01 18:36:58.9,121,20,1,
1403,2018/11/01 18:36:59.0,124,10,1,
1404,2018/11/01 18:36:59.1,126,3,1,
1405,2018/11/01 18:36:59.2,130,5,1,No data
1406,2018/11/01 18:36:59.3,131,6,1,
1407,2018/11/01 18:36:59.4,130,7,1,
1408,2018/11/01 18:36:59.5,129,6,1,
1409,2018/11/01 18:36:59.6,126,4,1,
1410,2018/11/01 18:36:59.7,127,3,1,No data
1411,2018/11/01 18:36:59.8,128,5,1,
1412,2018/11/01 18:36:59.9,129,7,1,
1413,2018/11/01 18:37:00.0,127,8,1,
1414,2018/11/01 18:37:00.1,128,10,1,
1415,2018/11/01 18:37:00.2,127,11,1,No data
1416,2018/11/01 18:37:00.3,132,11,1,
1417,2018/11/01 18:37:00.4,133,7,1,
1418,2018/11/01 18:37:00.5,136,6,1,
1419,2018/11/01 18:37:00.6,132,6,1,
1420,2018/11/01 18:37:00.7,130,6,1,No data
1421,2018/11/01 18:37:00.8,126,7,1,
1422,2018/11/01 18:37:00.9,123,4,1,
1423,2018/11/01 18:37:01.0,122,6,1,
1424,2018/11/01 18:37:01.1,121,6,1,
1425,2018/11/01 18:37:01.2,121,6,1,No data
1426,2018/11/01 18:37:01.3,121,3,1,
1427,2018/11/01 18:37:01.4,120,2,1,
1428,2018/11/01 18:37:01.5,119,2,1,
1429,2018/11/01 18:37:01.6,119,3,1,
1430,2018/11/01 18:37:01.7,123,3,1,No data
1431,2018/11/01 18:37:01.8,130,3,1,
1432,2018/11/01 18:37:01.9,136,1,1,
1433,2018/11/01 18:37:02.0,148,2,1,
1434,2018/11/01 18:37:02.1,162,4,1,
1435,2018/11/01 18:37:02.2,178,5,1,No data
1436,2018/11/01 18:37:02.3,187,5,1,
1437,2018/11/01 18:37:02.4,190,5,1,
1438,2018/11/01 18:37:02.5,190,5,1,
1439,2018/11/01 18:37:02.6,190,6,1,
1440,2018/11/01 18:37:02.7,191,6,1,No data
1441,2018/11/01 18:37:02.8,193,6,1,
1442,2018/11/01 18:37:02.9,192,6,1,
1443,2018/11/01 18:37:03.0,191,8,1,
1444,2018/11/01 18:37:03.1,181,7,1,
1445,2018/11/01 18:37:03.2,170,5,1,No data
1446,2018/11/01 18:37:03.3,158,1,1,
1447,2018/11/01 18:37:03.4,150,4,1,
1448,2018/11/01 18:37:03.5,144,5,1,
1449,2018/11/01 18:37:03.6,138,0,1,
1450,2018/11/01 18:37:03.7,137,2,1,No data
1451,2018/11/01 18:37:03.8,138,5,1,
1452,2018/11/01 18:37:03.9,138,5,1,
1453,2018/11/01 18:37:04.0,137,9,1,
1454,2018/11/01 18:37:04.1,137,9,1,
1455,2018/11/01 18:37:04.2,139,9,1,No data
1456,2018/11/01 18:37:04.3,141,7,1,
1457,2018/11/01 18:37:04.4,142,6,1,
1458,2018/11/01 18:37:04.5,141,3,1,
1459,2018/11/01 18:37:04.6,140,0,1,
1460,2018/11/01 18:37:04.7,136,2,1,No data
1461,2018/11/01 18:37:04.8,132,1,1,
1462,2018/11/01 18:37:04.9,128,0,1,
1463,2018/11/01 18:37:05.0,127,1,1,
1464,2018/11/01 18:37:05.1,127,2,1,
1465,2018/11/01 18:37:05.2,129,1,1,No data
1466,2018/11/01 18:37:05.3,130,4,1,
1467,2018/11/01 18:37:05.4,130,6,1,
1468,2018/11/01 18:37:05.5,129,9,1,
1469,2018/11/01 18:37:05.6,129,10,1,
1470,2018/11/01 18:37:05.7,131,10,1,No data
1471,2018/11/01 18:37:05.8,135,9,1,
1472,2018/11/01 18:37:05.9,139,4,1,
1473,2018/11/01 18:37:06.0,139,0,1,
1474,2018/11/01 18:37:06.1,137,1,1,
1475,2018/11/01 18:37:06.2,135,1,1,No data
1476,2018/11/01 18:37:06.3,136,5,1,
1477,2018/11/01 18:37:06.4,136,5,1,
1478,2018/11/01 18:37:06.5,136,3,1,
1479,2018/11/01 18:37:06.6,135,1,1,
1480,2018/11/01 18:37:06.7,136,1,1,No data
1481,2018/11/01 18:37:06.8,136,2,1,
1482,2018/11/01 18:37:06.9,135,7,1,
1483,2018/11/01 18:37:07.0,134,6,1,
1484,2018/11/01 18:37:07.1,135,3,1,
1485,2018/11/01 18:37:07.2,137,2,1,No data
1486,2018/11/01 18:37:07.4,137,4,1,
1487,2018/11/01 18:37:07.5,132,1,1,
1488,2018/11/01 18:37:07.6,124,0,1,
1489,2018/11/01 18:37:07.7,120,2,1,
1490,2018/11/01 18:37:07.8,119,3,1,No data
1491,2018/11/01 18:37:07.8,120,8,1,
1492,2018/11/01 18:37:07.9,119,8,1,
1493,2018/11/01 18:37:08.0,118,7,1,
1494,2018/11/01 18:37:08.1,117,3,1,
1495,2018/11/01 18:37:08.2,118,2,1,No data
1496,2018/11/01 18:37:08.4,119,2,1,
1497,2018/11/01 18:37:08.5,121,5,1,
1498,2018/11/01 18:37:08.6,126,3,1,
1499,2018/11/01 18:37:08.7,133,1,1,
1500,2018/11/01 18:37:08.8,134,1,1,No data
1501,2018/11/01 18:37:08.9,128,0,1,
1502,2018/11/01 18:37:09.0,120,3,1,
1503,2018/11/01 18:37:09.1,115,2,1,
1504,2018/11/01 18:37:09.2,114,3,1,
1505,2018/11/01 18:37:09.3,114,1,1,No data
1506,2018/11/01 18:37:09.4,114,5,1,
1507,2018/11/01 18:37:09.5,113,7,1,
1508,2018/11/01 18:37:09.6,112,9,1,
1509,2018/11/01 18:37:09.7,111,9,1,
1510,2018/11/01 18:37:09.8,112,12,1,No data
1511,2018/11/01 18:37:09.9,116,12,1,
1512,2018/11/01 18:37:10.0,123,10,1,
1513,2018/11/01 18:37:10.1,132,8,1,
1514,2018/11/01 18:37:10.2,134,6,1,
1515,2018/11/01 18:37:10.3,134,7,1,No data
1516,2018/11/01 18:37:10.4,129,4,1,
1517,2018/11/01 18:37:10.5,127,3,1,
1518,2018/11/01 18:37:10.6,124,0,1,
1519,2018/11/01 18:37:10.7,124,0,1,
1520,2018/11/01 18:37:10.8,123,1,1,No data
1521,2018/11/01 18:37:10.9,123,6,1,
1522,2018/11/01 18:37:11.0,122,7,1,
1523,2018/11/01 18:37:11.1,122,9,1,
1524,2018/11/01 18:37:11.2,123,6,1,
1525,2018/11/01 18:37:11.3,128,4,1,No data
1526,2018/11/01 18:37:11.4,134,0,1,
1527,2018/11/01 18:37:11.5,139,3,1,
1528,2018/11/01 18:37:11.6,136,2,1,
1529,2018/11/01 18:37:11.7,134,0,1,
1530,2018/11/01 18:37:11.8,130,5,1,No data
1531,2018/11/01 18:37:11.9,131,7,1,
1532,2018/11/01 18:37:12.0,129,10,1,
1533,2018/11/01 18:37:12.1,129,8,1,
1534,2018/11/01 18:37:12.2,128,9,1,
1535,2018/11/01 18:37:12.3,130,6,1,No data
1536,2018/11/01 18:37:12.4,130,7,1,
1537,2018/11/01 18:37:12.5,130,8,1,
1538,2018/11/01 18:37:12.6,130,8,1,
1539,2018/11/01 18:37:12.7,134,5,1,
1540,2018/11/01 18:37:12.8,138,1,1,No data
1541,2018/11/01 18:37:12.9,143,2,1,
1542,2018/11/01 18:37:13.0,144,5,1,
1543,2018/11/01 18:37:13.1,147,6,1,
1544,2018/11/01 18:37:13.2,150,7,1,
1545,2018/11/01 18:37:13.3,153,8,1,No data
1546,2018/11/01 18:37:13.4,155,10,1,
1547,2018/11/01 18:37:13.5,155,11,1,
1548,2018/11/01 18:37:13.6,154,11,1,
1549,2018/11/01 18:37:13.7,154,8,1,
1550,2018/11/01 18:37:13.8,156,7,1,No data
1551,2018/11/01 18:37:13.9,157,8,1,
1552,2018/11/01 18:37:14.0,155,6,1,
1553,2018/11/01 18:37:14.1,151,4,1,
1554,2018/11/01 18:37:14.2,148,1,1,
1555,2018/11/01 18:37:14.3,150,1,1,No data
1556,2018/11/01 18:37:14.4,153,0,1,
1557,2018/11/01 18:37:14.5,158,0,1,
1558,2018/11/01 18:37:14.6,157,2,1,
1559,2018/11/01 18:37:14.7,160,1,1,
1560,2018/11/01 18:37:14.8,161,3,1,No data
1561,2018/11/01 18:37:14.9,163,1,1,
1562,2018/11/01 18:37:15.0,162,3,1,
1563,2018/11/01 18:37:15.1,162,8,1,
1564,2018/11/01 18:37:15.2,161,7,1,
1565,2018/11/01 18:37:15.3,163,8,1,No data
1566,2018/11/01 18:37:15.4,160,5,1,
1567,2018/11/01 18:37:15.5,161,2,1,
1568,2018/11/01 18:37:15.6,155,4,1,
1569,2018/11/01 18:37:15.7,152,5,1,
1570,2018/11/01 18:37:15.8,144,6,1,No data
1571,2018/11/01 18:37:15.9,143,3,1,
1572,2018/11/01 18:37:16.0,140,2,1,
1573,2018/11/01 18:37:16.1,139,4,1,
1574,2018/11/01 18:37:16.2,138,5,1,
1575,2018/11/01 18:37:16.3,139,2,1,No data
1576,2018/11/01 18:37:16.4,139,2,1,
1577,2018/11/01 18:37:16.5,138,5,1,
1578,2018/11/01 18:37:16.6,137,4,1,
1579,2018/11/01 18:37:16.7,139,2,1,
1580,2018/11/01 18:37:16.8,142,1,1,No data
1581,2018/11/01 18:37:16.9,138,1,1,
1582,2018/11/01 18:37:17.0,124,3,1,
1583,2018/11/01 18:37:17.1,109,5,1,
1584,2018/11/01 18:37:17.2,101,7,1,
1585,2018/11/01 18:37:17.3,98,7,1,No data
1586,2018/11/01 18:37:17.4,97,5,1,
1587,2018/11/01 18:37:17.5,96,5,1,
1588,2018/11/01 18:37:17.6,94,1,1,
1589,2018/11/01 18:37:17.7,94,0,1,
1590,2018/11/01 18:37:17.8,95,0,1,No data
1591,2018/11/01 18:37:17.9,96,5,1,
1592,2018/11/01 18:37:18.0,96,9,1,
1593,2018/11/01 18:37:18.1,104,10,1,
1594,2018/11/01 18:37:18.2,108,5,1,
1595,2018/11/01 18:37:18.3,115,1,1,No data
1596,2018/11/01 18:37:18.4,112,2,1,
1597,2018/11/01 18:37:18.5,115,1,1,
1598,2018/11/01 18:37:18.6,113,1,1,
1599,2018/11/01 18:37:18.7,115,0,1,
1600,2018/11/01 18:37:18.8,115,2,1,No data
1601,2018/11/01 18:37:18.9,117,5,1,
1602,2018/11/01 18:37:19.0,116,6,1,
1603,2018/11/01 18:37:19.1,116,8,1,
1604,2018/11/01 18:37:19.2,116,8,1,
1605,2018/11/01 18:37:19.3,117,7,1,No data
1606,2018/11/01 18:37:19.4,113,1,1,
1607,2018/11/01 18:37:19.5,109,1,1,
1608,2018/11/01 18:37:19.6,107,1,1,
1609,2018/11/01 18:37:19.7,107,4,1,
1610,2018/11/01 18:37:19.8,108,3,1,No data
1611,2018/11/01 18:37:19.9,104,1,1,
1612,2018/11/01 18:37:20.0,103,2,1,
1613,2018/11/01 18:37:20.1,99,3,1,
1614,2018/11/01 18:37:20.2,98,6,1,
1615,2018/11/01 18:37:20.3,96,7,1,No data
1616,2018/11/01 18:37:20.4,96,12,1,
1617,2018/11/01 18:37:20.5,94,9,1,
1618,2018/11/01 18:37:20.6,96,7,1,
1619,2018/11/01 18:37:20.7,110,5,1,
1620,2018/11/01 18:37:20.8,133,3,1,No data
1621,2018/11/01 18:37:20.9,149,2,1,
1622,2018/11/01 18:37:21.0,152,1,1,
1623,2018/11/01 18:37:21.1,144,2,1,
1624,2018/11/01 18:37:21.2,141,2,1,
1625,2018/11/01 18:37:21.3,140,0,1,No data
1626,2018/11/01 18:37:21.4,141,0,1,
1627,2018/11/01 18:37:21.5,140,1,1,
1628,2018/11/01 18:37:21.6,139,1,1,
1629,2018/11/01 18:37:21.7,138,1,1,
1630,2018/11/01 18:37:21.8,138,1,1,No data
1631,2018/11/01 18:37:21.9,138,3,1,
1632,2018/11/01 18:37:22.0,141,4,1,
1633,2018/11/01 18:37:22.1,147,4,1,
1634,2018/11/01 18:37:22.2,158,4,1,
1635,2018/11/01 18:37:22.3,164,4,1,No data
1636,2018/11/01 18:37:22.4,168,3,1,
1637,2018/11/01 18:37:22.5,165,2,1,
1638,2018/11/01 18:37:22.6,166,1,1,
1639,2018/11/01 18:37:22.7,165,2,1,
1640,2018/11/01 18:37:22.8,168,0,1,No data
1641,2018/11/01 18:37:22.9,168,2,1,
1642,2018/11/01 18:37:23.0,167,5,1,
1643,2018/11/01 18:37:23.1,166,5,1,
1644,2018/11/01 18:37:23.2,167,6,1,
1645,2018/11/01 18:37:23.3,164,6,1,No data
1646,2018/11/01 18:37:23.4,162,8,1,
1647,2018/11/01 18:37:23.5,157,3,1,
1648,2018/11/01 18:37:23.6,155,3,1,
1649,2018/11/01 18:37:23.7,150,4,1,
1650,2018/11/01 18:37:23.8,151,10,1,No data
1651,2018/11/01 18:37:23.9,148,13,1,
1652,2018/11/01 18:37:24.0,150,15,1,
1653,2018/11/01 18:37:24.1,148,13,1,
1654,2018/11/01 18:37:24.2,151,14,1,
1655,2018/11/01 18:37:24.3,151,15,1,No data
1656,2018/11/01 18:37:24.5,153,18,1,
1657,2018/11/01 18:37:24.6,152,16,1,
1658,2018/11/01 18:37:24.7,153,16,1,
1659,2018/11/01 18:37:24.8,154,11,1,
1660,2018/11/01 18:37:24.9,156,8,1,No data
1661,2018/11/01 18:37:25.0,156,4,1,
1662,2018/11/01 18:37:25.1,154,0,1,
1663,2018/11/01 18:37:25.2,154,1,1,
1664,2018/11/01 18:37:25.3,157,3,1,
1665,2018/11/01 18:37:25.4,158,4,1,No data
1666,2018/11/01 18:37:25.5,161,5,1,
1667,2018/11/01 18:37:25.6,160,4,1,
1668,2018/11/01 18:37:25.7,161,4,1,
1669,2018/11/01 18:37:25.8,160,6,1,
1670,2018/11/01 18:37:25.9,162,7,1,No data
1671,2018/11/01 18:37:26.0,161,6,1,
1672,2018/11/01 18:37:26.1,157,5,1,
1673,2018/11/01 18:37:26.2,151,4,1,
1674,2018/11/01 18:37:26.3,144,1,1,
1675,2018/11/01 18:37:26.4,146,0,1,No data
1676,2018/11/01 18:37:26.5,150,1,1,
1677,2018/11/01 18:37:26.6,157,0,1,
1678,2018/11/01 18:37:26.7,157,2,1,
1679,2018/11/01 18:37:26.8,160,4,1,
1680,2018/11/01 18:37:26.9,161,8,1,No data
1681,2018/11/01 18:37:27.0,163,9,1,
1682,2018/11/01 18:37:27.1,162,10,1,
1683,2018/11/01 18:37:27.2,163,7,1,
1684,2018/11/01 18:37:27.3,164,7,1,
1685,2018/11/01 18:37:27.4,164,4,1,No data
1686,2018/11/01 18:37:27.5,159,1,1,
1687,2018/11/01 18:37:27.6,152,1,1,
1688,2018/11/01 18:37:27.7,143,0,1,
1689,2018/11/01 18:37:27.8,134,0,1,
1690,2018/11/01 18:37:27.9,127,0,1,No data
1691,2018/11/01 18:37:28.0,120,0,1,
1692,2018/11/01 18:37:28.1,117,2,1,
1693,2018/11/01 18:37:28.2,116,3,1,
1694,2018/11/01 18:37:28.3,116,3,1,
1695,2018/11/01 18:37:28.4,117,3,1,No data
1696,2018/11/01 18:37:28.5,117,4,1,
1697,2018/11/01 18:37:28.6,116,5,1,
1698,2018/11/01 18:37:28.7,115,6,1,
1699,2018/11/01 18:37:28.8,119,4,1,
1700,2018/11/01 18:37:28.9,126,3,1,No data
1701,2018/11/01 18:37:29.0,132,0,1,
1702,2018/11/01 18:37:29.1,138,1,1,
1703,2018/11/01 18:37:29.2,144,0,1,
1704,2018/11/01 18:37:29.3,151,6,1,
1705,2018/11/01 18:37:29.4,156,10,1,No data
1706,2018/11/01 18:37:29.5,158,10,1,
1707,2018/11/01 18:37:29.6,159,7,1,
1708,2018/11/01 18:37:29.7,159,6,1,
1709,2018/11/01 18:37:29.8,160,8,1,
1710,2018/11/01 18:37:29.9,162,9,1,No data
1711,2018/11/01 18:37:30.0,162,9,1,
1712,2018/11/01 18:37:30.1,161,4,1,
1713,2018/11/01 18:37:30.2,154,2,1,
1714,2018/11/01 18:37:30.3,146,0,1,
1715,2018/11/01 18:37:30.4,133,6,1,No data
1716,2018/11/01 18:37:30.5,122,8,1,
1717,2018/11/01 18:37:30.6,111,9,1,
1718,2018/11/01 18:37:30.7,105,6,1,
1719,2018/11/01 18:37:30.8,104,6,1,
1720,2018/11/01 18:37:30.9,104,4,1,No data
1721,2018/11/01 18:37:31.0,103,1,1,
1722,2018/11/01 18:37:31.1,102,1,1,
1723,2018/11/01 18:37:31.2,101,1,1,
1724,2018/11/01 18:37:31.3,102,5,1,
1725,2018/11/01 18:37:31.4,104,6,1,No data
1726,2018/11/01 18:37:31.5,107,8,1,
1727,2018/11/01 18:37:31.6,111,6,1,
1728,2018/11/01 18:37:31.7,117,6,1,
1729,2018/11/01 18:37:31.8,122,6,1,
1730,2018/11/01 18:37:31.9,128,5,1,No data
1731,2018/11/01 18:37:32.0,129,4,1,
1732,2018/11/01 18:37:32.1,130,2,1,
1733,2018/11/01 18:37:32.2,129,3,1,
1734,2018/11/01 18:37:32.3,130,1,1,
1735,2018/11/01 18:37:32.4,132,2,1,No data
1736,2018/11/01 18:37:32.5,132,0,1,
1737,2018/11/01 18:37:32.6,131,1,1,
1738,2018/11/01 18:37:32.7,130,4,1,
1739,2018/11/01 18:37:32.8,130,7,1,
1740,2018/11/01 18:37:32.9,130,5,1,No data
1741,2018/11/01 18:37:33.0,130,3,1,
1742,2018/11/01 18:37:33.1,128,2,1,
1743,2018/11/01 18:37:33.2,126,5,1,
1744,2018/11/01 18:37:33.3,125,3,1,
1745,2018/11/01 18:37:33.4,125,3,1,No data
1746,2018/11/01 18:37:33.5,125,2,1,
1747,2018/11/01 18:37:33.6,124,4,1,
1748,2018/11/01 18:37:33.7,124,5,1,
1749,2018/11/01 18:37:33.8,125,5,1,
1750,2018/11/01 18:37:33.9,126,4,1,No data
1751,2018/11/01 18:37:34.0,126,5,1,
1752,2018/11/01 18:37:34.1,126,5,1,
1753,2018/11/01 18:37:34.2,125,9,1,
1754,2018/11/01 18:37:34.3,124,10,1,
1755,2018/11/01 18:37:34.4,129,9,1,No data
1756,2018/11/01 18:37:34.5,131,6,1,
1757,2018/11/01 18:37:34.6,120,1,1,
1758,2018/11/01 18:37:34.7,168,10,1,
1759,2018/11/01 18:37:34.8,274,15,1,
1760,2018/11/01 18:37:34.9,328,15,1,No data
1761,2018/11/01 18:37:35.0,276,7,1,
1762,2018/11/01 18:37:35.1,160,1,1,
1763,2018/11/01 18:37:35.2,105,4,1,
1764,2018/11/01 18:37:35.3,88,10,1,
1765,2018/11/01 18:37:35.4,81,11,1,No data
1766,2018/11/01 18:37:35.5,77,13,1,
1767,2018/11/01 18:37:35.6,74,10,1,
1768,2018/11/01 18:37:35.7,73,8,1,
1769,2018/11/01 18:37:35.8,73,4,1,
1770,2018/11/01 18:37:35.9,74,5,1,No data
1771,2018/11/01 18:37:36.0,74,11,1,
1772,2018/11/01 18:37:36.1,73,19,1,
1773,2018/11/01 18:37:36.2,72,20,1,
1774,2018/11/01 18:37:36.3,73,20,1,
1775,2018/11/01 18:37:36.4,73,14,1,No data
1776,2018/11/01 18:37:36.5,74,17,1,
1777,2018/11/01 18:37:36.6,72,16,1,
1778,2018/11/01 18:37:36.7,72,15,1,
1779,2018/11/01 18:37:36.8,72,6,1,
1780,2018/11/01 18:37:36.9,73,0,1,No data
1781,2018/11/01 18:37:37.0,73,2,1,
1782,2018/11/01 18:37:37.1,72,1,1,
1783,2018/11/01 18:37:37.2,70,3,1,
1784,2018/11/01 18:37:37.3,71,4,1,
1785,2018/11/01 18:37:37.4,72,5,1,No data
1786,2018/11/01 18:37:37.5,71,3,1,
1787,2018/11/01 18:37:37.6,70,1,1,
1788,2018/11/01 18:37:37.7,70,1,1,
1789,2018/11/01 18:37:37.8,71,1,1,
1790,2018/11/01 18:37:37.9,73,1,1,No data
1791,2018/11/01 18:37:38.0,73,5,1,
1792,2018/11/01 18:37:38.1,72,5,1,
1793,2018/11/01 18:37:38.2,71,9,1,
1794,2018/11/01 18:37:38.3,71,6,1,
1795,2018/11/01 18:37:38.4,72,7,1,No data
1796,2018/11/01 18:37:38.5,72,0,1,
1797,2018/11/01 18:37:38.6,71,2,1,
1798,2018/11/01 18:37:38.7,70,4,1,
1799,2018/11/01 18:37:38.8,72,3,1,
1800,2018/11/01 18:37:38.9,73,3,1,No data
1801,2018/11/01 18:37:39.0,73,5,1,
1802,2018/11/01 18:37:39.1,71,5,1,
1803,2018/11/01 18:37:39.2,71,3,1,
1804,2018/11/01 18:37:39.3,72,3,1,
1805,2018/11/01 18:37:39.4,73,8,1,No data
1806,2018/11/01 18:37:39.5,73,7,1,
1807,2018/11/01 18:37:39.6,72,1,1,
1808,2018/11/01 18:37:39.7,71,4,1,
1809,2018/11/01 18:37:39.8,72,1,1,
1810,2018/11/01 18:37:39.9,73,3,1,No data
1811,2018/11/01 18:37:40.0,74,2,1,
1812,2018/11/01 18:37:40.1,73,2,1,
1813,2018/11/01 18:37:40.2,72,3,1,
1814,2018/11/01 18:37:40.3,73,6,1,
1815,2018/11/01 18:37:40.4,74,7,1,No data
