2018/10/17/16:20:36.655,2018/10/17/16:20:36.688,2018/10/17/16:20:36.705,2018/10/17/16:20:36.722,2018/10/17/16:20:36.740,2018/10/17/16:20:36.758,2018/10/17/16:20:36.776,2018/10/17/16:20:36.794,2018/10/17/16:20:36.812,2018/10/17/16:20:36.830,2018/10/17/16:20:36.847,2018/10/17/16:20:36.864,2018/10/17/16:20:36.882,2018/10/17/16:20:36.903,2018/10/17/16:20:36.921,2018/10/17/16:20:36.938,2018/10/17/16:20:36.956,2018/10/17/16:20:36.973,2018/10/17/16:20:36.990,2018/10/17/16:20:37.007,2018/10/17/16:20:37.024,2018/10/17/16:20:37.041,2018/10/17/16:20:37.058,2018/10/17/16:20:37.075,2018/10/17/16:20:37.092
526,283,11,-263,-507,-416,-212,8,228,432,365,191,7,-177,-352,-304,-152,6,164,316,278,144,5,-133,-268
-499,-536,-550,-536,-499,-423,-444,-452,-444,-423,-364,-378,-382,-378,-364,-319,-328,-331,-328,-319,-283,-289,-291,-289,-283
2018/10/18/15:33:36.293,2018/10/18/15:33:36.311,2018/10/18/15:33:36.328,2018/10/18/15:33:36.345,2018/10/18/15:33:36.362,2018/10/18/15:33:36.379,2018/10/18/15:33:36.396,2018/10/18/15:33:36.413,2018/10/18/15:33:36.431,2018/10/18/15:33:36.448,2018/10/18/15:33:36.465,2018/10/18/15:33:36.482,2018/10/18/15:33:36.499,2018/10/18/15:33:36.516,2018/10/18/15:33:36.533,2018/10/18/15:33:36.550,2018/10/18/15:33:36.567,2018/10/18/15:33:36.584,2018/10/18/15:33:36.601,2018/10/18/15:33:36.618,2018/10/18/15:33:36.635,2018/10/18/15:33:36.653,2018/10/18/15:33:36.670,2018/10/18/15:33:36.687,2018/10/18/15:33:36.704
526,283,11,-263,-507,-416,-212,8,228,432,365,191,7,-177,-352,-304,-152,6,164,316,278,144,5,-133,-268
-499,-536,-550,-536,-499,-423,-444,-452,-444,-423,-364,-378,-382,-378,-364,-319,-328,-331,-328,-319,-283,-289,-291,-289,-283
2018/10/18/15:33:36.293,2018/10/18/15:33:36.311,2018/10/18/15:33:36.328,2018/10/18/15:33:36.345,2018/10/18/15:33:36.362,2018/10/18/15:33:36.379,2018/10/18/15:33:36.396,2018/10/18/15:33:36.413,2018/10/18/15:33:36.431,2018/10/18/15:33:36.448,2018/10/18/15:33:36.465,2018/10/18/15:33:36.482,2018/10/18/15:33:36.499,2018/10/18/15:33:36.516,2018/10/18/15:33:36.533,2018/10/18/15:33:36.550,2018/10/18/15:33:36.567,2018/10/18/15:33:36.584,2018/10/18/15:33:36.601,2018/10/18/15:33:36.618,2018/10/18/15:33:36.635,2018/10/18/15:33:36.653,2018/10/18/15:33:36.670,2018/10/18/15:33:36.687,2018/10/18/15:33:36.704,2018/10/18/15:34:04.628,2018/10/18/15:34:04.646,2018/10/18/15:34:04.664,2018/10/18/15:34:04.681,2018/10/18/15:34:04.699,2018/10/18/15:34:04.717,2018/10/18/15:34:04.735,2018/10/18/15:34:04.753,2018/10/18/15:34:04.771,2018/10/18/15:34:04.789,2018/10/18/15:34:04.807,2018/10/18/15:34:04.825,2018/10/18/15:34:04.844,2018/10/18/15:34:04.861,2018/10/18/15:34:04.879,2018/10/18/15:34:04.897,2018/10/18/15:34:04.915,2018/10/18/15:34:04.933,2018/10/18/15:34:04.951,2018/10/18/15:34:04.969,2018/10/18/15:34:04.987,2018/10/18/15:34:05.005,2018/10/18/15:34:05.023,2018/10/18/15:34:05.042,2018/10/18/15:34:05.060
526,283,11,-263,-507,-416,-212,8,228,432,365,191,7,-177,-352,-304,-152,6,164,316,278,144,5,-133,-268,526,283,11,-263,-507,-416,-212,8,228,432,365,191,7,-177,-352,-304,-152,6,164,316,278,144,5,-133,-268
-499,-536,-550,-536,-499,-423,-444,-452,-444,-423,-364,-378,-382,-378,-364,-319,-328,-331,-328,-319,-283,-289,-291,-289,-283,-499,-536,-550,-536,-499,-423,-444,-452,-444,-423,-364,-378,-382,-378,-364,-319,-328,-331,-328,-319,-283,-289,-291,-289,-283
2018/10/18/15:33:36.293,2018/10/18/15:33:36.311,2018/10/18/15:33:36.328,2018/10/18/15:33:36.345,2018/10/18/15:33:36.362,2018/10/18/15:33:36.379,2018/10/18/15:33:36.396,2018/10/18/15:33:36.413,2018/10/18/15:33:36.431,2018/10/18/15:33:36.448,2018/10/18/15:33:36.465,2018/10/18/15:33:36.482,2018/10/18/15:33:36.499,2018/10/18/15:33:36.516,2018/10/18/15:33:36.533,2018/10/18/15:33:36.550,2018/10/18/15:33:36.567,2018/10/18/15:33:36.584,2018/10/18/15:33:36.601,2018/10/18/15:33:36.618,2018/10/18/15:33:36.635,2018/10/18/15:33:36.653,2018/10/18/15:33:36.670,2018/10/18/15:33:36.687,2018/10/18/15:33:36.704,2018/10/18/15:34:04.628,2018/10/18/15:34:04.646,2018/10/18/15:34:04.664,2018/10/18/15:34:04.681,2018/10/18/15:34:04.699,2018/10/18/15:34:04.717,2018/10/18/15:34:04.735,2018/10/18/15:34:04.753,2018/10/18/15:34:04.771,2018/10/18/15:34:04.789,2018/10/18/15:34:04.807,2018/10/18/15:34:04.825,2018/10/18/15:34:04.844,2018/10/18/15:34:04.861,2018/10/18/15:34:04.879,2018/10/18/15:34:04.897,2018/10/18/15:34:04.915,2018/10/18/15:34:04.933,2018/10/18/15:34:04.951,2018/10/18/15:34:04.969,2018/10/18/15:34:04.987,2018/10/18/15:34:05.005,2018/10/18/15:34:05.023,2018/10/18/15:34:05.042,2018/10/18/15:34:05.060,2018/10/18/15:34:39.136,2018/10/18/15:34:39.153,2018/10/18/15:34:39.170,2018/10/18/15:34:39.188,2018/10/18/15:34:39.205,2018/10/18/15:34:39.223,2018/10/18/15:34:39.241,2018/10/18/15:34:39.260,2018/10/18/15:34:39.277,2018/10/18/15:34:39.296,2018/10/18/15:34:39.314,2018/10/18/15:34:39.331,2018/10/18/15:34:39.349,2018/10/18/15:34:39.367,2018/10/18/15:34:39.385,2018/10/18/15:34:39.403,2018/10/18/15:34:39.421,2018/10/18/15:34:39.439,2018/10/18/15:34:39.457,2018/10/18/15:34:39.475,2018/10/18/15:34:39.493,2018/10/18/15:34:39.511,2018/10/18/15:34:39.529,2018/10/18/15:34:39.547,2018/10/18/15:34:39.565
526,283,11,-263,-507,-416,-212,8,228,432,365,191,7,-177,-352,-304,-152,6,164,316,278,144,5,-133,-268,526,283,11,-263,-507,-416,-212,8,228,432,365,191,7,-177,-352,-304,-152,6,164,316,278,144,5,-133,-268,526,283,11,-263,-507,-416,-212,8,228,432,365,191,7,-177,-352,-304,-152,6,164,316,278,144,5,-133,-268
-499,-536,-550,-536,-499,-423,-444,-452,-444,-423,-364,-378,-382,-378,-364,-319,-328,-331,-328,-319,-283,-289,-291,-289,-283,-499,-536,-550,-536,-499,-423,-444,-452,-444,-423,-364,-378,-382,-378,-364,-319,-328,-331,-328,-319,-283,-289,-291,-289,-283,-499,-536,-550,-536,-499,-423,-444,-452,-444,-423,-364,-378,-382,-378,-364,-319,-328,-331,-328,-319,-283,-289,-291,-289,-283
2018/10/18/15:33:36.293,2018/10/18/15:33:36.311,2018/10/18/15:33:36.328,2018/10/18/15:33:36.345,2018/10/18/15:33:36.362,2018/10/18/15:33:36.379,2018/10/18/15:33:36.396,2018/10/18/15:33:36.413,2018/10/18/15:33:36.431,2018/10/18/15:33:36.448,2018/10/18/15:33:36.465,2018/10/18/15:33:36.482,2018/10/18/15:33:36.499,2018/10/18/15:33:36.516,2018/10/18/15:33:36.533,2018/10/18/15:33:36.550,2018/10/18/15:33:36.567,2018/10/18/15:33:36.584,2018/10/18/15:33:36.601,2018/10/18/15:33:36.618,2018/10/18/15:33:36.635,2018/10/18/15:33:36.653,2018/10/18/15:33:36.670,2018/10/18/15:33:36.687,2018/10/18/15:33:36.704,2018/10/18/15:34:04.628,2018/10/18/15:34:04.646,2018/10/18/15:34:04.664,2018/10/18/15:34:04.681,2018/10/18/15:34:04.699,2018/10/18/15:34:04.717,2018/10/18/15:34:04.735,2018/10/18/15:34:04.753,2018/10/18/15:34:04.771,2018/10/18/15:34:04.789,2018/10/18/15:34:04.807,2018/10/18/15:34:04.825,2018/10/18/15:34:04.844,2018/10/18/15:34:04.861,2018/10/18/15:34:04.879,2018/10/18/15:34:04.897,2018/10/18/15:34:04.915,2018/10/18/15:34:04.933,2018/10/18/15:34:04.951,2018/10/18/15:34:04.969,2018/10/18/15:34:04.987,2018/10/18/15:34:05.005,2018/10/18/15:34:05.023,2018/10/18/15:34:05.042,2018/10/18/15:34:05.060,2018/10/18/15:34:39.136,2018/10/18/15:34:39.153,2018/10/18/15:34:39.170,2018/10/18/15:34:39.188,2018/10/18/15:34:39.205,2018/10/18/15:34:39.223,2018/10/18/15:34:39.241,2018/10/18/15:34:39.260,2018/10/18/15:34:39.277,2018/10/18/15:34:39.296,2018/10/18/15:34:39.314,2018/10/18/15:34:39.331,2018/10/18/15:34:39.349,2018/10/18/15:34:39.367,2018/10/18/15:34:39.385,2018/10/18/15:34:39.403,2018/10/18/15:34:39.421,2018/10/18/15:34:39.439,2018/10/18/15:34:39.457,2018/10/18/15:34:39.475,2018/10/18/15:34:39.493,2018/10/18/15:34:39.511,2018/10/18/15:34:39.529,2018/10/18/15:34:39.547,2018/10/18/15:34:39.565,2018/10/18/15:34:40.733,2018/10/18/15:34:40.751,2018/10/18/15:34:40.769,2018/10/18/15:34:40.790,2018/10/18/15:34:40.808,2018/10/18/15:34:40.825,2018/10/18/15:34:40.843,2018/10/18/15:34:40.861,2018/10/18/15:34:40.879,2018/10/18/15:34:40.898,2018/10/18/15:34:40.915,2018/10/18/15:34:40.933,2018/10/18/15:34:40.951,2018/10/18/15:34:40.969,2018/10/18/15:34:40.987,2018/10/18/15:34:41.006,2018/10/18/15:34:41.024,2018/10/18/15:34:41.042,2018/10/18/15:34:41.059,2018/10/18/15:34:41.077,2018/10/18/15:34:41.085,2018/10/18/15:34:41.116,2018/10/18/15:34:41.147,2018/10/18/15:34:41.179,2018/10/18/15:34:41.210
526,283,11,-263,-507,-416,-212,8,228,432,365,191,7,-177,-352,-304,-152,6,164,316,278,144,5,-133,-268,526,283,11,-263,-507,-416,-212,8,228,432,365,191,7,-177,-352,-304,-152,6,164,316,278,144,5,-133,-268,526,283,11,-263,-507,-416,-212,8,228,432,365,191,7,-177,-352,-304,-152,6,164,316,278,144,5,-133,-268,526,283,11,-263,-507,-416,-212,8,228,432,365,191,7,-177,-352,-304,-152,6,164,316,278,144,5,-133,-268
-499,-536,-550,-536,-499,-423,-444,-452,-444,-423,-364,-378,-382,-378,-364,-319,-328,-331,-328,-319,-283,-289,-291,-289,-283,-499,-536,-550,-536,-499,-423,-444,-452,-444,-423,-364,-378,-382,-378,-364,-319,-328,-331,-328,-319,-283,-289,-291,-289,-283,-499,-536,-550,-536,-499,-423,-444,-452,-444,-423,-364,-378,-382,-378,-364,-319,-328,-331,-328,-319,-283,-289,-291,-289,-283,-499,-536,-550,-536,-499,-423,-444,-452,-444,-423,-364,-378,-382,-378,-364,-319,-328,-331,-328,-319,-283,-289,-291,-289,-283
2018/10/18/15:38:42.883,2018/10/18/15:38:42.901,2018/10/18/15:38:42.918,2018/10/18/15:38:42.935,2018/10/18/15:38:42.952,2018/10/18/15:38:42.969,2018/10/18/15:38:42.985,2018/10/18/15:38:43.002,2018/10/18/15:38:43.019,2018/10/18/15:38:43.036,2018/10/18/15:38:43.054,2018/10/18/15:38:43.071,2018/10/18/15:38:43.088,2018/10/18/15:38:43.105,2018/10/18/15:38:43.122,2018/10/18/15:38:43.139,2018/10/18/15:38:43.156,2018/10/18/15:38:43.173,2018/10/18/15:38:43.190,2018/10/18/15:38:43.207,2018/10/18/15:38:43.224,2018/10/18/15:38:43.241,2018/10/18/15:38:43.258,2018/10/18/15:38:43.276,2018/10/18/15:38:43.294
526,283,11,-263,-507,-416,-212,8,228,432,365,191,7,-177,-352,-304,-152,6,164,316,278,144,5,-133,-268
-499,-536,-550,-536,-499,-423,-444,-452,-444,-423,-364,-378,-382,-378,-364,-319,-328,-331,-328,-319,-283,-289,-291,-289,-283
2018/10/18/15:38:42.883,2018/10/18/15:38:42.901,2018/10/18/15:38:42.918,2018/10/18/15:38:42.935,2018/10/18/15:38:42.952,2018/10/18/15:38:42.969,2018/10/18/15:38:42.985,2018/10/18/15:38:43.002,2018/10/18/15:38:43.019,2018/10/18/15:38:43.036,2018/10/18/15:38:43.054,2018/10/18/15:38:43.071,2018/10/18/15:38:43.088,2018/10/18/15:38:43.105,2018/10/18/15:38:43.122,2018/10/18/15:38:43.139,2018/10/18/15:38:43.156,2018/10/18/15:38:43.173,2018/10/18/15:38:43.190,2018/10/18/15:38:43.207,2018/10/18/15:38:43.224,2018/10/18/15:38:43.241,2018/10/18/15:38:43.258,2018/10/18/15:38:43.276,2018/10/18/15:38:43.294,2018/10/18/15:39:12.162,2018/10/18/15:39:12.180,2018/10/18/15:39:12.198,2018/10/18/15:39:12.216,2018/10/18/15:39:12.234,2018/10/18/15:39:12.252,2018/10/18/15:39:12.270,2018/10/18/15:39:12.288,2018/10/18/15:39:12.306,2018/10/18/15:39:12.324,2018/10/18/15:39:12.342,2018/10/18/15:39:12.360,2018/10/18/15:39:12.378,2018/10/18/15:39:12.396,2018/10/18/15:39:12.414,2018/10/18/15:39:12.432
526,283,11,-263,-507,-416,-212,8,228,432,365,191,7,-177,-352,-304,-152,6,164,316,278,144,5,-133,-268,526,283,11,-263,-507,-416,-212,8,228,432,365,191,7,-177,-352,-304,-152
-499,-536,-550,-536,-499,-423,-444,-452,-444,-423,-364,-378,-382,-378,-364,-319,-328,-331,-328,-319,-283,-289,-291,-289,-283,-499,-536,-550,-536,-499,-423,-444,-452,-444,-423,-364,-378,-382,-378,-364,-319,-328
2018/10/18/15:43:01.074,2018/10/18/15:43:01.092,2018/10/18/15:43:01.109,2018/10/18/15:43:01.126,2018/10/18/15:43:01.143,2018/10/18/15:43:01.160,2018/10/18/15:43:01.177,2018/10/18/15:43:01.194,2018/10/18/15:43:01.211,2018/10/18/15:43:01.228,2018/10/18/15:43:01.245,2018/10/18/15:43:01.262,2018/10/18/15:43:01.279,2018/10/18/15:43:01.296,2018/10/18/15:43:01.313,2018/10/18/15:43:01.330,2018/10/18/15:43:01.347,2018/10/18/15:43:01.364,2018/10/18/15:43:01.381,2018/10/18/15:43:01.398,2018/10/18/15:43:01.415,2018/10/18/15:43:01.432,2018/10/18/15:43:01.449,2018/10/18/15:43:01.466,2018/10/18/15:43:01.483
882,725,526,283,11,8,228,432,609,758,661,523,365,191,7,6,164,316,457,584,521,405,278,144,5
-404,-452,-499,-536,-550,-452,-444,-423,-393,-360,-322,-344,-364,-378,-382,-331,-328,-319,-305,-289,-262,-273,-283,-289,-291
2018/10/18/15:48:33.671,2018/10/18/15:48:33.702,2018/10/18/15:48:33.733,2018/10/18/15:48:33.764,2018/10/18/15:48:33.796,2018/10/18/15:48:33.827,2018/10/18/15:48:33.858,2018/10/18/15:48:33.889,2018/10/18/15:48:33.921,2018/10/18/15:48:33.952,2018/10/18/15:48:33.983,2018/10/18/15:48:34.014,2018/10/18/15:48:34.046,2018/10/18/15:48:34.064,2018/10/18/15:48:34.076,2018/10/18/15:48:34.107,2018/10/18/15:48:34.138,2018/10/18/15:48:34.170,2018/10/18/15:48:34.201,2018/10/18/15:48:34.232,2018/10/18/15:48:34.263,2018/10/18/15:48:34.295,2018/10/18/15:48:34.326,2018/10/18/15:48:34.357,2018/10/18/15:48:34.388
882,725,526,283,11,8,228,432,609,758,661,523,365,191,7,6,164,316,457,584,521,405,278,144,5
-404,-452,-499,-536,-550,-452,-444,-423,-393,-360,-322,-344,-364,-378,-382,-331,-328,-319,-305,-289,-262,-273,-283,-289,-291
2018/10/19/14:15:41.647,2018/10/19/14:15:41.678,2018/10/19/14:15:41.709,2018/10/19/14:15:41.740,2018/10/19/14:15:41.772,2018/10/19/14:15:41.803,2018/10/19/14:15:41.834,2018/10/19/14:15:41.865,2018/10/19/14:15:41.897,2018/10/19/14:15:41.928,2018/10/19/14:15:41.959,2018/10/19/14:15:41.990,2018/10/19/14:15:42.022,2018/10/19/14:15:42.053,2018/10/19/14:15:42.084,2018/10/19/14:15:42.115,2018/10/19/14:15:42.147,2018/10/19/14:15:42.178,2018/10/19/14:15:42.240,2018/10/19/14:15:42.272,2018/10/19/14:15:42.303,2018/10/19/14:15:42.334,2018/10/19/14:15:42.365,2018/10/19/14:15:42.397,2018/10/19/14:15:42.428
526,283,11,-263,-507,-416,-212,8,228,432,365,191,7,-177,-352,-304,-152,6,164,316,278,144,5,-133,-268
-499,-536,-550,-536,-499,-423,-444,-452,-444,-423,-364,-378,-382,-378,-364,-319,-328,-331,-328,-319,-283,-289,-291,-289,-283
2018/10/19/14:18:23.925,2018/10/19/14:18:25.708,2018/10/19/14:18:27.542,2018/10/19/14:18:29.375,2018/10/19/14:18:31.158,2018/10/19/14:18:32.624,2018/10/19/14:18:34.324,2018/10/19/14:18:36.057,2018/10/19/14:18:37.791,2018/10/19/14:18:39.491,2018/10/19/14:18:40.890,2018/10/19/14:18:42.523,2018/10/19/14:18:44.173,2018/10/19/14:18:45.840,2018/10/19/14:18:47.489,2018/10/19/14:18:48.839,2018/10/19/14:18:50.439,2018/10/19/14:18:52.039,2018/10/19/14:18:53.639,2018/10/19/14:18:55.238,2018/10/19/14:18:56.555,2018/10/19/14:18:58.121,2018/10/19/14:18:59.688,2018/10/19/14:19:01.254,2018/10/19/14:19:02.821
526,283,11,-263,-507,-416,-212,8,228,432,365,191,7,-177,-352,-304,-152,6,164,316,278,144,5,-133,-268
-499,-536,-550,-536,-499,-423,-444,-452,-444,-423,-364,-378,-382,-378,-364,-319,-328,-331,-328,-319,-283,-289,-291,-289,-283
2018/10/25/14:58:52.155,2018/10/25/14:58:53.939,2018/10/25/14:58:55.771,2018/10/25/14:58:57.620,2018/10/25/14:58:59.403,2018/10/25/14:59:00.870,2018/10/25/14:59:02.570,2018/10/25/14:59:04.303,2018/10/25/14:59:06.036,2018/10/25/14:59:07.736,2018/10/25/14:59:09.135,2018/10/25/14:59:10.769,2018/10/25/14:59:12.418,2018/10/25/14:59:14.085,2018/10/25/14:59:15.735,2018/10/25/14:59:17.084,2018/10/25/14:59:18.684,2018/10/25/14:59:20.284,2018/10/25/14:59:21.901,2018/10/25/14:59:23.500,2018/10/25/14:59:24.818,2018/10/25/14:59:26.384,2018/10/25/14:59:27.951,2018/10/25/14:59:29.517,2018/10/25/14:59:31.083
526,283,11,-263,-507,-416,-212,8,228,432,365,191,7,-177,-352,-304,-152,6,164,316,278,144,5,-133,-268
-499,-536,-550,-536,-499,-423,-444,-452,-444,-423,-364,-378,-382,-378,-364,-319,-328,-331,-328,-319,-283,-289,-291,-289,-283
2018/10/25/14:58:52.155,2018/10/25/14:58:53.939,2018/10/25/14:58:55.771,2018/10/25/14:58:57.620,2018/10/25/14:58:59.403,2018/10/25/14:59:00.870,2018/10/25/14:59:02.570,2018/10/25/14:59:04.303,2018/10/25/14:59:06.036,2018/10/25/14:59:07.736,2018/10/25/14:59:09.135,2018/10/25/14:59:10.769,2018/10/25/14:59:12.418,2018/10/25/14:59:14.085,2018/10/25/14:59:15.735,2018/10/25/14:59:17.084,2018/10/25/14:59:18.684,2018/10/25/14:59:20.284,2018/10/25/14:59:21.901,2018/10/25/14:59:23.500,2018/10/25/14:59:24.818,2018/10/25/14:59:26.384,2018/10/25/14:59:27.951,2018/10/25/14:59:29.517,2018/10/25/14:59:31.083,2018/10/25/15:10:54.025,2018/10/25/15:10:55.809,2018/10/25/15:10:57.642,2018/10/25/15:10:59.492,2018/10/25/15:11:01.275,2018/10/25/15:11:02.741,2018/10/25/15:11:04.441,2018/10/25/15:11:06.174,2018/10/25/15:11:07.908,2018/10/25/15:11:09.607,2018/10/25/15:11:11.007,2018/10/25/15:11:12.640,2018/10/25/15:11:14.307,2018/10/25/15:11:15.973,2018/10/25/15:11:17.623,2018/10/25/15:11:18.973,2018/10/25/15:11:20.572,2018/10/25/15:11:22.172,2018/10/25/15:11:23.789,2018/10/25/15:11:25.389,2018/10/25/15:11:26.705,2018/10/25/15:11:28.271,2018/10/25/15:11:29.838,2018/10/25/15:11:31.404,2018/10/25/15:11:32.971
526,283,11,-263,-507,-416,-212,8,228,432,365,191,7,-177,-352,-304,-152,6,164,316,278,144,5,-133,-268,526,283,11,-263,-507,-416,-212,8,228,432,365,191,7,-177,-352,-304,-152,6,164,316,278,144,5,-133,-268
-499,-536,-550,-536,-499,-423,-444,-452,-444,-423,-364,-378,-382,-378,-364,-319,-328,-331,-328,-319,-283,-289,-291,-289,-283,-499,-536,-550,-536,-499,-423,-444,-452,-444,-423,-364,-378,-382,-378,-364,-319,-328,-331,-328,-319,-283,-289,-291,-289,-283
2018/10/25/14:58:52.155,2018/10/25/14:58:53.939,2018/10/25/14:58:55.771,2018/10/25/14:58:57.620,2018/10/25/14:58:59.403,2018/10/25/14:59:00.870,2018/10/25/14:59:02.570,2018/10/25/14:59:04.303,2018/10/25/14:59:06.036,2018/10/25/14:59:07.736,2018/10/25/14:59:09.135,2018/10/25/14:59:10.769,2018/10/25/14:59:12.418,2018/10/25/14:59:14.085,2018/10/25/14:59:15.735,2018/10/25/14:59:17.084,2018/10/25/14:59:18.684,2018/10/25/14:59:20.284,2018/10/25/14:59:21.901,2018/10/25/14:59:23.500,2018/10/25/14:59:24.818,2018/10/25/14:59:26.384,2018/10/25/14:59:27.951,2018/10/25/14:59:29.517,2018/10/25/14:59:31.083,2018/10/25/15:10:54.025,2018/10/25/15:10:55.809,2018/10/25/15:10:57.642,2018/10/25/15:10:59.492,2018/10/25/15:11:01.275,2018/10/25/15:11:02.741,2018/10/25/15:11:04.441,2018/10/25/15:11:06.174,2018/10/25/15:11:07.908,2018/10/25/15:11:09.607,2018/10/25/15:11:11.007,2018/10/25/15:11:12.640,2018/10/25/15:11:14.307,2018/10/25/15:11:15.973,2018/10/25/15:11:17.623,2018/10/25/15:11:18.973,2018/10/25/15:11:20.572,2018/10/25/15:11:22.172,2018/10/25/15:11:23.789,2018/10/25/15:11:25.389,2018/10/25/15:11:26.705,2018/10/25/15:11:28.271,2018/10/25/15:11:29.838,2018/10/25/15:11:31.404,2018/10/25/15:11:32.971,2018/10/25/15:38:02.752,2018/10/25/15:38:04.535,2018/10/25/15:38:06.369,2018/10/25/15:38:08.202,2018/10/25/15:38:09.985,2018/10/25/15:38:11.452,2018/10/25/15:38:13.152,2018/10/25/15:38:14.885,2018/10/25/15:38:16.618,2018/10/25/15:38:18.318,2018/10/25/15:38:19.718,2018/10/25/15:38:21.351,2018/10/25/15:38:23.001,2018/10/25/15:38:24.667,2018/10/25/15:38:26.317,2018/10/25/15:38:27.667,2018/10/25/15:38:29.266,2018/10/25/15:38:30.866,2018/10/25/15:38:32.483,2018/10/25/15:38:34.083,2018/10/25/15:38:35.399,2018/10/25/15:38:36.966,2018/10/25/15:38:38.532,2018/10/25/15:38:40.099,2018/10/25/15:38:41.665
526,283,11,-263,-507,-416,-212,8,228,432,365,191,7,-177,-352,-304,-152,6,164,316,278,144,5,-133,-268,526,283,11,-263,-507,-416,-212,8,228,432,365,191,7,-177,-352,-304,-152,6,164,316,278,144,5,-133,-268,526,283,11,-263,-507,-416,-212,8,228,432,365,191,7,-177,-352,-304,-152,6,164,316,278,144,5,-133,-268
-499,-536,-550,-536,-499,-423,-444,-452,-444,-423,-364,-378,-382,-378,-364,-319,-328,-331,-328,-319,-283,-289,-291,-289,-283,-499,-536,-550,-536,-499,-423,-444,-452,-444,-423,-364,-378,-382,-378,-364,-319,-328,-331,-328,-319,-283,-289,-291,-289,-283,-499,-536,-550,-536,-499,-423,-444,-452,-444,-423,-364,-378,-382,-378,-364,-319,-328,-331,-328,-319,-283,-289,-291,-289,-283
2018/10/26/11:33:53.922,2018/10/26/11:33:55.703,2018/10/26/11:33:57.547,2018/10/26/11:33:59.422
526,283,11,-263,-507,-416
-499,-536,-550,-536,-499,-423
2018/10/26/11:34:36.924,2018/10/26/11:34:38.708,2018/10/26/11:34:40.541,2018/10/26/11:34:42.390,2018/10/26/11:34:44.173,2018/10/26/11:34:45.640,2018/10/26/11:34:47.339,2018/10/26/11:34:49.073,2018/10/26/11:34:50.806,2018/10/26/11:34:52.506,2018/10/26/11:34:53.922,2018/10/26/11:34:55.555,2018/10/26/11:34:57.205,2018/10/26/11:34:58.872,2018/10/26/11:35:00.521,2018/10/26/11:35:01.871,2018/10/26/11:35:03.471,2018/10/26/11:35:05.071,2018/10/26/11:35:06.670,2018/10/26/11:35:08.270,2018/10/26/11:35:09.587,2018/10/26/11:35:11.153,2018/10/26/11:35:12.720,2018/10/26/11:35:14.286,2018/10/26/11:35:15.853
526,283,11,-263,-507,-416,-212,8,228,432,365,191,7,-177,-352,-304,-152,6,164,316,278,144,5,-133,-268
-499,-536,-550,-536,-499,-423,-444,-452,-444,-423,-364,-378,-382,-378,-364,-319,-328,-331,-328,-319,-283,-289,-291,-289,-283
2018/10/26/11:34:36.924,2018/10/26/11:34:38.708,2018/10/26/11:34:40.541,2018/10/26/11:34:42.390,2018/10/26/11:34:44.173,2018/10/26/11:34:45.640,2018/10/26/11:34:47.339,2018/10/26/11:34:49.073,2018/10/26/11:34:50.806,2018/10/26/11:34:52.506,2018/10/26/11:34:53.922,2018/10/26/11:34:55.555,2018/10/26/11:34:57.205,2018/10/26/11:34:58.872,2018/10/26/11:35:00.521,2018/10/26/11:35:01.871,2018/10/26/11:35:03.471,2018/10/26/11:35:05.071,2018/10/26/11:35:06.670,2018/10/26/11:35:08.270,2018/10/26/11:35:09.587,2018/10/26/11:35:11.153,2018/10/26/11:35:12.720,2018/10/26/11:35:14.286,2018/10/26/11:35:15.853
526,283,11,-263,-507,-416,-212,8,228,432,365,191,7,-177,-352,-304,-152,6,164,316,278,144,5,-133,-268,526,-416
-499,-536,-550,-536,-499,-423,-444,-452,-444,-423,-364,-378,-382,-378,-364,-319,-328,-331,-328,-319,-283,-289,-291,-289,-283,-499,-423
2018/10/26/11:34:36.924,2018/10/26/11:34:38.708,2018/10/26/11:34:40.541,2018/10/26/11:34:42.390,2018/10/26/11:34:44.173,2018/10/26/11:34:45.640,2018/10/26/11:34:47.339,2018/10/26/11:34:49.073,2018/10/26/11:34:50.806,2018/10/26/11:34:52.506,2018/10/26/11:34:53.922,2018/10/26/11:34:55.555,2018/10/26/11:34:57.205,2018/10/26/11:34:58.872,2018/10/26/11:35:00.521,2018/10/26/11:35:01.871,2018/10/26/11:35:03.471,2018/10/26/11:35:05.071,2018/10/26/11:35:06.670,2018/10/26/11:35:08.270,2018/10/26/11:35:09.587,2018/10/26/11:35:11.153,2018/10/26/11:35:12.720,2018/10/26/11:35:14.286,2018/10/26/11:35:15.853,2018/10/26/11:36:10.014,2018/10/26/11:36:11.797
526,283,11,-263,-507,-416,-212,8,228,432,365,191,7,-177,-352,-304,-152,6,164,316,278,144,5,-133,-268,526,-416,526,283,11,-416
-499,-536,-550,-536,-499,-423,-444,-452,-444,-423,-364,-378,-382,-378,-364,-319,-328,-331,-328,-319,-283,-289,-291,-289,-283,-499,-423,-499,-536,-550,-423
2018/10/26/11:37:26.172,2018/10/26/11:37:27.955,2018/10/26/11:37:29.788,2018/10/26/11:37:31.638,2018/10/26/11:37:33.423
526,283,11,-263,-507,-416
-499,-536,-550,-536,-499,-423
2018/10/26/11:39:10.532,2018/10/26/11:39:12.329,2018/10/26/11:39:14.204,2018/10/26/11:39:16.063,2018/10/26/11:39:17.861,2018/10/26/11:39:19.376,2018/10/26/11:39:21.094,2018/10/26/11:39:22.875,2018/10/26/11:39:24.641,2018/10/26/11:39:26.375,2018/10/26/11:39:27.797,2018/10/26/11:39:29.469,2018/10/26/11:39:31.156,2018/10/26/11:39:32.828,2018/10/26/11:39:34.500,2018/10/26/11:39:35.860,2018/10/26/11:39:37.500,2018/10/26/11:39:39.141,2018/10/26/11:39:40.766,2018/10/26/11:39:42.360,2018/10/26/11:39:43.703,2018/10/26/11:39:45.281,2018/10/26/11:39:46.859,2018/10/26/11:39:48.453,2018/10/26/11:39:50.031
526,283,11,-263,-507,-416,-212,8,228,432,365,191,7,-177,-352,-304,-152,6,164,316,278,144,5,-133,-268
-499,-536,-550,-536,-499,-423,-444,-452,-444,-423,-364,-378,-382,-378,-364,-319,-328,-331,-328,-319,-283,-289,-291,-289,-283
2018/10/26/13:13:07.093,2018/10/26/13:13:08.876,2018/10/26/13:13:10.709,2018/10/26/13:13:12.542,2018/10/26/13:13:14.332,2018/10/26/13:13:15.792,2018/10/26/13:13:17.491,2018/10/26/13:13:19.225,2018/10/26/13:13:20.958,2018/10/26/13:13:22.658,2018/10/26/13:13:24.058,2018/10/26/13:13:25.691,2018/10/26/13:13:27.358,2018/10/26/13:13:29.023
526,283,11,-263,-507,-416,-212,8,228,432,365,191,7,-177,-352,-304
-499,-536,-550,-536,-499,-423,-444,-452,-444,-423,-364,-378,-382,-378,-364,-319
2018/10/31/15:34:05.033,2018/10/31/15:34:06.842,2018/10/31/15:34:08.701,2018/10/31/15:34:10.546,2018/10/31/15:34:12.374,2018/10/31/15:34:13.876,2018/10/31/15:34:15.610,2018/10/31/15:34:17.375,2018/10/31/15:34:19.141,2018/10/31/15:34:20.873,2018/10/31/15:34:22.295,2018/10/31/15:34:23.976,2018/10/31/15:34:25.651,2018/10/31/15:34:27.332,2018/10/31/15:34:29.004,2018/10/31/15:34:30.379,2018/10/31/15:34:32.004,2018/10/31/15:34:33.629,2018/10/31/15:34:35.269,2018/10/31/15:34:36.877,2018/10/31/15:34:38.220,2018/10/31/15:34:39.806,2018/10/31/15:34:41.399,2018/10/31/15:34:42.977,2018/10/31/15:34:44.551
526,283,11,-263,-507,-416,-212,8,228,432,365,191,7,-177,-352,-304,-152,6,164,316,278,144,5,-133,-268
-499,-536,-550,-536,-499,-423,-444,-452,-444,-423,-364,-378,-382,-378,-364,-319,-328,-331,-328,-319,-283,-289,-291,-289,-283
2018/10/31/15:36:14.175,2018/10/31/15:36:14.193,2018/10/31/15:36:14.210,2018/10/31/15:36:14.227,2018/10/31/15:36:14.244,2018/10/31/15:36:14.262,2018/10/31/15:36:14.279,2018/10/31/15:36:14.296,2018/10/31/15:36:14.313,2018/10/31/15:36:14.331,2018/10/31/15:36:14.349,2018/10/31/15:36:14.367,2018/10/31/15:36:14.385,2018/10/31/15:36:14.402,2018/10/31/15:36:14.419,2018/10/31/15:36:14.436,2018/10/31/15:36:14.454,2018/10/31/15:36:14.471,2018/10/31/15:36:14.488,2018/10/31/15:36:14.505,2018/10/31/15:36:14.522,2018/10/31/15:36:14.539,2018/10/31/15:36:14.556,2018/10/31/15:36:14.574,2018/10/31/15:36:14.593
526,283,11,-263,-507,-416,-212,8,228,432,365,191,7,-177,-352,-304,-152,6,164,316,278,144,5,-133,-268
-499,-536,-550,-536,-499,-423,-444,-452,-444,-423,-364,-378,-382,-378,-364,-319,-328,-331,-328,-319,-283,-289,-291,-289,-283
2018/10/31/15:36:43.751,2018/10/31/15:36:43.770,2018/10/31/15:36:43.787,2018/10/31/15:36:43.804,2018/10/31/15:36:43.821,2018/10/31/15:36:43.838,2018/10/31/15:36:43.855,2018/10/31/15:36:43.872,2018/10/31/15:36:43.889,2018/10/31/15:36:43.906,2018/10/31/15:36:43.923,2018/10/31/15:36:43.940,2018/10/31/15:36:43.957,2018/10/31/15:36:43.974,2018/10/31/15:36:43.991,2018/10/31/15:36:44.008,2018/10/31/15:36:44.025,2018/10/31/15:36:44.042,2018/10/31/15:36:44.059,2018/10/31/15:36:44.076,2018/10/31/15:36:44.093,2018/10/31/15:36:44.110,2018/10/31/15:36:44.127,2018/10/31/15:36:44.144,2018/10/31/15:36:44.161
526,283,11,-263,-507,-416,-212,8,228,432,365,191,7,-177,-352,-304,-152,6,164,316,278,144,5,-133,-268
-499,-536,-550,-536,-499,-423,-444,-452,-444,-423,-364,-378,-382,-378,-364,-319,-328,-331,-328,-319,-283,-289,-291,-289,-283
2018/10/31/15:37:33.642,2018/10/31/15:37:33.660,2018/10/31/15:37:33.677,2018/10/31/15:37:33.694,2018/10/31/15:37:33.711,2018/10/31/15:37:33.728,2018/10/31/15:37:33.745,2018/10/31/15:37:33.762,2018/10/31/15:37:33.779,2018/10/31/15:37:33.796,2018/10/31/15:37:33.813,2018/10/31/15:37:33.830,2018/10/31/15:37:33.847,2018/10/31/15:37:33.864,2018/10/31/15:37:33.881,2018/10/31/15:37:33.899,2018/10/31/15:37:33.916,2018/10/31/15:37:33.933,2018/10/31/15:37:33.950,2018/10/31/15:37:33.967,2018/10/31/15:37:33.984,2018/10/31/15:37:34.001,2018/10/31/15:37:34.018,2018/10/31/15:37:34.035,2018/10/31/15:37:34.053
526,283,11,-263,-507,-416,-212,8,228,432,365,191,7,-177,-352,-304,-152,6,164,316,278,144,5,-133,-268
-499,-536,-550,-536,-499,-423,-444,-452,-444,-423,-364,-378,-382,-378,-364,-319,-328,-331,-328,-319,-283,-289,-291,-289,-283
2018/10/31/15:38:23.516,2018/10/31/15:38:23.537,2018/10/31/15:38:23.555,2018/10/31/15:38:23.572,2018/10/31/15:38:23.589,2018/10/31/15:38:23.606,2018/10/31/15:38:23.623,2018/10/31/15:38:23.640,2018/10/31/15:38:23.662,2018/10/31/15:38:23.679,2018/10/31/15:38:23.696,2018/10/31/15:38:23.713,2018/10/31/15:38:23.730,2018/10/31/15:38:23.749,2018/10/31/15:38:23.767,2018/10/31/15:38:23.785,2018/10/31/15:38:23.802,2018/10/31/15:38:23.825,2018/10/31/15:38:23.842,2018/10/31/15:38:23.860,2018/10/31/15:38:23.878,2018/10/31/15:38:23.895,2018/10/31/15:38:23.913,2018/10/31/15:38:23.932,2018/10/31/15:38:23.950
526,283,11,-263,-507,-416,-212,8,228,432,365,191,7,-177,-352,-304,-152,6,164,316,278,144,5,-133,-268
-499,-536,-550,-536,-499,-423,-444,-452,-444,-423,-364,-378,-382,-378,-364,-319,-328,-331,-328,-319,-283,-289,-291,-289,-283
2018/10/31/15:39:56.954,2018/10/31/15:39:56.971,2018/10/31/15:39:56.988,2018/10/31/15:39:57.007,2018/10/31/15:39:57.024,2018/10/31/15:39:57.042,2018/10/31/15:39:57.060,2018/10/31/15:39:57.078,2018/10/31/15:39:57.096,2018/10/31/15:39:57.114,2018/10/31/15:39:57.132,2018/10/31/15:39:57.149,2018/10/31/15:39:57.166,2018/10/31/15:39:57.183,2018/10/31/15:39:57.201,2018/10/31/15:39:57.219,2018/10/31/15:39:57.237,2018/10/31/15:39:57.255,2018/10/31/15:39:57.273,2018/10/31/15:39:57.291,2018/10/31/15:39:57.309,2018/10/31/15:39:57.327,2018/10/31/15:39:57.345,2018/10/31/15:39:57.362,2018/10/31/15:39:57.380
526,283,11,-263,-507,-416,-212,8,228,432,365,191,7,-177,-352,-304,-152,6,164,316,278,144,5,-133,-268
-499,-536,-550,-536,-499,-423,-444,-452,-444,-423,-364,-378,-382,-378,-364,-319,-328,-331,-328,-319,-283,-289,-291,-289,-283
2018/10/31/15:42:06.707,2018/10/31/15:42:06.738,2018/10/31/15:42:06.770,2018/10/31/15:42:06.801,2018/10/31/15:42:06.832,2018/10/31/15:42:06.864,2018/10/31/15:42:06.874,2018/10/31/15:42:06.905,2018/10/31/15:42:06.937,2018/10/31/15:42:06.968,2018/10/31/15:42:06.999,2018/10/31/15:42:07.030,2018/10/31/15:42:07.062,2018/10/31/15:42:07.093,2018/10/31/15:42:07.124,2018/10/31/15:42:07.155,2018/10/31/15:42:07.187,2018/10/31/15:42:07.218,2018/10/31/15:42:07.249,2018/10/31/15:42:07.280,2018/10/31/15:42:07.312,2018/10/31/15:42:07.343,2018/10/31/15:42:07.374,2018/10/31/15:42:07.405,2018/10/31/15:42:07.437
526,283,11,-263,-507,-416,-212,8,228,432,365,191,7,-177,-352,-304,-152,6,164,316,278,144,5,-133,-268
-499,-536,-550,-536,-499,-423,-444,-452,-444,-423,-364,-378,-382,-378,-364,-319,-328,-331,-328,-319,-283,-289,-291,-289,-283
2018/10/31/15:46:50.489,2018/10/31/15:46:50.520,2018/10/31/15:46:50.551,2018/10/31/15:46:50.583,2018/10/31/15:46:50.614,2018/10/31/15:46:50.645,2018/10/31/15:46:50.692,2018/10/31/15:46:50.723,2018/10/31/15:46:50.755,2018/10/31/15:46:50.786,2018/10/31/15:46:50.817,2018/10/31/15:46:50.848,2018/10/31/15:46:50.880,2018/10/31/15:46:50.911,2018/10/31/15:46:50.942,2018/10/31/15:46:50.973,2018/10/31/15:46:51.005,2018/10/31/15:46:51.036,2018/10/31/15:46:51.067,2018/10/31/15:46:51.098,2018/10/31/15:46:51.130,2018/10/31/15:46:51.161,2018/10/31/15:46:51.192,2018/10/31/15:46:51.223,2018/10/31/15:46:51.255
526,283,11,-263,-507,-416,-212,8,228,432,365,191,7,-177,-352,-304,-152,6,164,316,278,144,5,-133,-268
-499,-536,-550,-536,-499,-423,-444,-452,-444,-423,-364,-378,-382,-378,-364,-319,-328,-331,-328,-319,-283,-289,-291,-289,-283
2018/10/31/15:46:50.489,2018/10/31/15:46:50.520,2018/10/31/15:46:50.551,2018/10/31/15:46:50.583,2018/10/31/15:46:50.614,2018/10/31/15:46:50.645,2018/10/31/15:46:50.692,2018/10/31/15:46:50.723,2018/10/31/15:46:50.755,2018/10/31/15:46:50.786,2018/10/31/15:46:50.817,2018/10/31/15:46:50.848,2018/10/31/15:46:50.880,2018/10/31/15:46:50.911,2018/10/31/15:46:50.942,2018/10/31/15:46:50.973,2018/10/31/15:46:51.005,2018/10/31/15:46:51.036,2018/10/31/15:46:51.067,2018/10/31/15:46:51.098,2018/10/31/15:46:51.130,2018/10/31/15:46:51.161,2018/10/31/15:46:51.192,2018/10/31/15:46:51.223,2018/10/31/15:46:51.255,2018/10/31/15:46:51.380,2018/10/31/15:46:51.411,2018/10/31/15:46:51.442,2018/10/31/15:46:51.489,2018/10/31/15:46:51.536,2018/10/31/15:46:51.567,2018/10/31/15:46:51.598,2018/10/31/15:46:51.630,2018/10/31/15:46:51.661,2018/10/31/15:46:51.692,2018/10/31/15:46:51.723,2018/10/31/15:46:51.755,2018/10/31/15:46:51.786,2018/10/31/15:46:51.817,2018/10/31/15:46:51.848,2018/10/31/15:46:51.880,2018/10/31/15:46:51.911,2018/10/31/15:46:51.942,2018/10/31/15:46:51.973,2018/10/31/15:46:52.005,2018/10/31/15:46:52.036,2018/10/31/15:46:52.067,2018/10/31/15:46:52.098,2018/10/31/15:46:52.130,2018/10/31/15:46:52.161
526,283,11,-263,-507,-416,-212,8,228,432,365,191,7,-177,-352,-304,-152,6,164,316,278,144,5,-133,-268,526,283,11,-263,-507,-416,-212,8,228,432,365,191,7,-177,-352,-304,-152,6,164,316,278,144,5,-133,-268
-499,-536,-550,-536,-499,-423,-444,-452,-444,-423,-364,-378,-382,-378,-364,-319,-328,-331,-328,-319,-283,-289,-291,-289,-283,-499,-536,-550,-536,-499,-423,-444,-452,-444,-423,-364,-378,-382,-378,-364,-319,-328,-331,-328,-319,-283,-289,-291,-289,-283
2018/10/31/15:47:34.040,2018/10/31/15:47:34.087,2018/10/31/15:47:34.118,2018/10/31/15:47:34.149,2018/10/31/15:47:34.180,2018/10/31/15:47:34.212,2018/10/31/15:47:34.243,2018/10/31/15:47:34.274,2018/10/31/15:47:34.299,2018/10/31/15:47:34.310,2018/10/31/15:47:34.341,2018/10/31/15:47:34.372,2018/10/31/15:47:34.404,2018/10/31/15:47:34.435,2018/10/31/15:47:34.466,2018/10/31/15:47:34.497,2018/10/31/15:47:34.529,2018/10/31/15:47:34.560,2018/10/31/15:47:34.591,2018/10/31/15:47:34.622,2018/10/31/15:47:34.654,2018/10/31/15:47:34.685,2018/10/31/15:47:34.716,2018/10/31/15:47:34.747,2018/10/31/15:47:34.779
526,283,11,-263,-507,-416,-212,8,228,432,365,191,7,-177,-352,-304,-152,6,164,316,278,144,5,-133,-268
-499,-536,-550,-536,-499,-423,-444,-452,-444,-423,-364,-378,-382,-378,-364,-319,-328,-331,-328,-319,-283,-289,-291,-289,-283
2018/10/31/15:47:34.040,2018/10/31/15:47:34.087,2018/10/31/15:47:34.118,2018/10/31/15:47:34.149,2018/10/31/15:47:34.180,2018/10/31/15:47:34.212,2018/10/31/15:47:34.243,2018/10/31/15:47:34.274,2018/10/31/15:47:34.299,2018/10/31/15:47:34.310,2018/10/31/15:47:34.341,2018/10/31/15:47:34.372,2018/10/31/15:47:34.404,2018/10/31/15:47:34.435,2018/10/31/15:47:34.466,2018/10/31/15:47:34.497,2018/10/31/15:47:34.529,2018/10/31/15:47:34.560,2018/10/31/15:47:34.591,2018/10/31/15:47:34.622,2018/10/31/15:47:34.654,2018/10/31/15:47:34.685,2018/10/31/15:47:34.716,2018/10/31/15:47:34.747,2018/10/31/15:47:34.779,2018/10/31/15:47:34.904,2018/10/31/15:47:34.935,2018/10/31/15:47:34.966,2018/10/31/15:47:34.997,2018/10/31/15:47:35.029,2018/10/31/15:47:35.060,2018/10/31/15:47:35.091,2018/10/31/15:47:35.122,2018/10/31/15:47:35.154,2018/10/31/15:47:35.185,2018/10/31/15:47:35.216,2018/10/31/15:47:35.247,2018/10/31/15:47:35.279,2018/10/31/15:47:35.297,2018/10/31/15:47:35.310,2018/10/31/15:47:35.341,2018/10/31/15:47:35.372,2018/10/31/15:47:35.403,2018/10/31/15:47:35.435,2018/10/31/15:47:35.466,2018/10/31/15:47:35.497,2018/10/31/15:47:35.528,2018/10/31/15:47:35.560,2018/10/31/15:47:35.591,2018/10/31/15:47:35.622,2018/10/31/15:47:35.653,2018/10/31/15:47:35.685,2018/10/31/15:47:35.716,2018/10/31/15:47:35.747,2018/10/31/15:47:35.778,2018/10/31/15:47:35.810,2018/10/31/15:47:35.841,2018/10/31/15:47:35.872,2018/10/31/15:47:35.903,2018/10/31/15:47:35.935,2018/10/31/15:47:35.966,2018/10/31/15:47:35.997,2018/10/31/15:47:36.028,2018/10/31/15:47:36.060,2018/10/31/15:47:36.091,2018/10/31/15:47:36.122,2018/10/31/15:47:36.153,2018/10/31/15:47:36.185,2018/10/31/15:47:36.216,2018/10/31/15:47:36.247,2018/10/31/15:47:36.280,2018/10/31/15:47:36.297,2018/10/31/15:47:36.310,2018/10/31/15:47:36.342,2018/10/31/15:47:36.373,2018/10/31/15:47:36.404,2018/10/31/15:47:36.435,2018/10/31/15:47:36.467,2018/10/31/15:47:36.498,2018/10/31/15:47:36.529,2018/10/31/15:47:36.560,2018/10/31/15:47:36.592,2018/10/31/15:47:36.623,2018/10/31/15:47:36.654,2018/10/31/15:47:36.685,2018/10/31/15:47:36.717,2018/10/31/15:47:36.748,2018/10/31/15:47:36.779,2018/10/31/15:47:36.810,2018/10/31/15:47:36.842,2018/10/31/15:47:36.873,2018/10/31/15:47:36.904,2018/10/31/15:47:36.935,2018/10/31/15:47:36.967,2018/10/31/15:47:36.998,2018/10/31/15:47:37.029,2018/10/31/15:47:37.060,2018/10/31/15:47:37.092,2018/10/31/15:47:37.123,2018/10/31/15:47:37.154,2018/10/31/15:47:37.185,2018/10/31/15:47:37.217,2018/10/31/15:47:37.248,2018/10/31/15:47:37.279,2018/10/31/15:47:37.310,2018/10/31/15:47:37.342,2018/10/31/15:47:37.373,2018/10/31/15:47:37.404,2018/10/31/15:47:37.435,2018/10/31/15:47:37.467,2018/10/31/15:47:37.486,2018/10/31/15:47:37.497,2018/10/31/15:47:37.529,2018/10/31/15:47:37.560,2018/10/31/15:47:37.591,2018/10/31/15:47:37.638,2018/10/31/15:47:37.669,2018/10/31/15:47:37.701,2018/10/31/15:47:37.732,2018/10/31/15:47:37.763,2018/10/31/15:47:37.794,2018/10/31/15:47:37.826,2018/10/31/15:47:37.857,2018/10/31/15:47:37.888,2018/10/31/15:47:37.919,2018/10/31/15:47:37.951,2018/10/31/15:47:37.982,2018/10/31/15:47:38.013,2018/10/31/15:47:38.044,2018/10/31/15:47:38.076,2018/10/31/15:47:38.107,2018/10/31/15:47:38.138,2018/10/31/15:47:38.169,2018/10/31/15:47:38.201,2018/10/31/15:47:38.232,2018/10/31/15:47:38.263,2018/10/31/15:47:38.294,2018/10/31/15:47:38.326,2018/10/31/15:47:38.357,2018/10/31/15:47:38.388,2018/10/31/15:47:38.419,2018/10/31/15:47:38.451,2018/10/31/15:47:38.482,2018/10/31/15:47:38.513,2018/10/31/15:47:38.544,2018/10/31/15:47:38.576,2018/10/31/15:47:38.607,2018/10/31/15:47:38.638,2018/10/31/15:47:38.669,2018/10/31/15:47:38.701,2018/10/31/15:47:38.732,2018/10/31/15:47:38.763,2018/10/31/15:47:38.794,2018/10/31/15:47:38.825,2018/10/31/15:47:38.857,2018/10/31/15:47:38.888,2018/10/31/15:47:38.919,2018/10/31/15:47:38.950,2018/10/31/15:47:38.982,2018/10/31/15:47:39.013,2018/10/31/15:47:39.044,2018/10/31/15:47:39.075,2018/10/31/15:47:39.107,2018/10/31/15:47:39.140,2018/10/31/15:47:39.171,2018/10/31/15:47:39.202,2018/10/31/15:47:39.233,2018/10/31/15:47:39.265,2018/10/31/15:47:39.296,2018/10/31/15:47:39.327,2018/10/31/15:47:39.358,2018/10/31/15:47:39.390,2018/10/31/15:47:39.421,2018/10/31/15:47:39.452,2018/10/31/15:47:39.483,2018/10/31/15:47:39.515,2018/10/31/15:47:39.546,2018/10/31/15:47:39.577,2018/10/31/15:47:39.608,2018/10/31/15:47:39.640,2018/10/31/15:47:39.671,2018/10/31/15:47:39.702,2018/10/31/15:47:39.733,2018/10/31/15:47:39.765,2018/10/31/15:47:39.796,2018/10/31/15:47:39.827,2018/10/31/15:47:39.858,2018/10/31/15:47:39.890,2018/10/31/15:47:39.921,2018/10/31/15:47:39.952,2018/10/31/15:47:39.983,2018/10/31/15:47:40.015,2018/10/31/15:47:40.046,2018/10/31/15:47:40.077,2018/10/31/15:47:40.108,2018/10/31/15:47:40.202,2018/10/31/15:47:40.233,2018/10/31/15:47:40.265,2018/10/31/15:47:40.299,2018/10/31/15:47:40.310,2018/10/31/15:47:40.341,2018/10/31/15:47:40.372,2018/10/31/15:47:40.403,2018/10/31/15:47:40.435,2018/10/31/15:47:40.466,2018/10/31/15:47:40.497,2018/10/31/15:47:40.528,2018/10/31/15:47:40.560,2018/10/31/15:47:40.591,2018/10/31/15:47:40.622,2018/10/31/15:47:40.653,2018/10/31/15:47:40.685,2018/10/31/15:47:40.716,2018/10/31/15:47:40.747,2018/10/31/15:47:40.778,2018/10/31/15:47:40.810,2018/10/31/15:47:40.841,2018/10/31/15:47:40.872,2018/10/31/15:47:40.903,2018/10/31/15:47:40.935,2018/10/31/15:47:40.966,2018/10/31/15:47:40.997,2018/10/31/15:47:41.028,2018/10/31/15:47:41.060,2018/10/31/15:47:41.091,2018/10/31/15:47:41.122,2018/10/31/15:47:41.153,2018/10/31/15:47:41.185,2018/10/31/15:47:41.216,2018/10/31/15:47:41.247,2018/10/31/15:47:41.279,2018/10/31/15:47:41.297,2018/10/31/15:47:41.309,2018/10/31/15:47:41.340,2018/10/31/15:47:41.372,2018/10/31/15:47:41.403,2018/10/31/15:47:41.434,2018/10/31/15:47:41.465,2018/10/31/15:47:41.497,2018/10/31/15:47:41.528,2018/10/31/15:47:41.559,2018/10/31/15:47:41.590,2018/10/31/15:47:41.622,2018/10/31/15:47:41.653,2018/10/31/15:47:41.684,2018/10/31/15:47:41.715,2018/10/31/15:47:41.747,2018/10/31/15:47:41.778,2018/10/31/15:47:41.809,2018/10/31/15:47:41.840,2018/10/31/15:47:41.872,2018/10/31/15:47:41.903,2018/10/31/15:47:41.934,2018/10/31/15:47:41.965,2018/10/31/15:47:41.997,2018/10/31/15:47:42.028,2018/10/31/15:47:42.059,2018/10/31/15:47:42.090,2018/10/31/15:47:42.122,2018/10/31/15:47:42.153,2018/10/31/15:47:42.184,2018/10/31/15:47:42.215,2018/10/31/15:47:42.247,2018/10/31/15:47:42.278,2018/10/31/15:47:42.296,2018/10/31/15:47:42.310,2018/10/31/15:47:42.341,2018/10/31/15:47:42.372,2018/10/31/15:47:42.403,2018/10/31/15:47:42.435,2018/10/31/15:47:42.466,2018/10/31/15:47:42.497,2018/10/31/15:47:42.528,2018/10/31/15:47:42.560,2018/10/31/15:47:42.591,2018/10/31/15:47:42.622,2018/10/31/15:47:42.653,2018/10/31/15:47:42.685,2018/10/31/15:47:42.716,2018/10/31/15:47:42.747,2018/10/31/15:47:42.778,2018/10/31/15:47:42.810,2018/10/31/15:47:42.841,2018/10/31/15:47:42.872,2018/10/31/15:47:42.903,2018/10/31/15:47:42.935,2018/10/31/15:47:42.966,2018/10/31/15:47:42.997,2018/10/31/15:47:43.028,2018/10/31/15:47:43.060,2018/10/31/15:47:43.091,2018/10/31/15:47:43.122,2018/10/31/15:47:43.153,2018/10/31/15:47:43.185,2018/10/31/15:47:43.216,2018/10/31/15:47:43.247,2018/10/31/15:47:43.279,2018/10/31/15:47:43.297,2018/10/31/15:47:43.309,2018/10/31/15:47:43.341,2018/10/31/15:47:43.372,2018/10/31/15:47:43.403,2018/10/31/15:47:43.434,2018/10/31/15:47:43.466,2018/10/31/15:47:43.497,2018/10/31/15:47:43.528,2018/10/31/15:47:43.559,2018/10/31/15:47:43.591,2018/10/31/15:47:43.622,2018/10/31/15:47:43.653,2018/10/31/15:47:43.684,2018/10/31/15:47:43.716,2018/10/31/15:47:43.747,2018/10/31/15:47:43.778,2018/10/31/15:47:43.809,2018/10/31/15:47:43.841,2018/10/31/15:47:43.872,2018/10/31/15:47:43.903,2018/10/31/15:47:43.934,2018/10/31/15:47:43.966,2018/10/31/15:47:43.997,2018/10/31/15:47:44.028,2018/10/31/15:47:44.059,2018/10/31/15:47:44.091,2018/10/31/15:47:44.122,2018/10/31/15:47:44.153,2018/10/31/15:47:44.184,2018/10/31/15:47:44.216,2018/10/31/15:47:44.247,2018/10/31/15:47:44.279,2018/10/31/15:47:44.297,2018/10/31/15:47:44.309,2018/10/31/15:47:44.340,2018/10/31/15:47:44.372,2018/10/31/15:47:44.403,2018/10/31/15:47:44.434,2018/10/31/15:47:44.465,2018/10/31/15:47:44.497,2018/10/31/15:47:44.528,2018/10/31/15:47:44.559,2018/10/31/15:47:44.590,2018/10/31/15:47:44.622,2018/10/31/15:47:44.653,2018/10/31/15:47:44.684,2018/10/31/15:47:44.715,2018/10/31/15:47:44.747,2018/10/31/15:47:44.778,2018/10/31/15:47:44.809,2018/10/31/15:47:44.840,2018/10/31/15:47:44.872,2018/10/31/15:47:44.903,2018/10/31/15:47:44.934,2018/10/31/15:47:44.965,2018/10/31/15:47:44.997,2018/10/31/15:47:45.028,2018/10/31/15:47:45.059,2018/10/31/15:47:45.090,2018/10/31/15:47:45.122,2018/10/31/15:47:45.153,2018/10/31/15:47:45.184,2018/10/31/15:47:45.215
526,283,11,-263,-507,-416,-212,8,228,432,365,191,7,-177,-352,-304,-152,6,164,316,278,144,5,-133,-268,882,824,760,689,611,526,434,335,230,122,11,-101,-210,-315,-414,-507,-593,-672,-743,-809,-868,-815,-757,-693,-623,-548,-467,-380,-287,-191,-91,10,111,210,306,398,484,565,640,708,771,829,781,724,662,596,524,448,367,281,193,101,9,-84,-175,-264,-350,-432,-509,-581,-648,-710,-767,-724,-668,-608,-543,-474,-401,-325,-245,-162,-77,8,94,178,261,340,417,489,557,622,681,737,697,643,585,523,458,389,317,243,166,87,8,-72,-151,-228,-303,-375,-444,-510,-572,-630,-685,-649,-596,-540,-480,-417,-352,-284,-213,-141,-67,7,81,155,227,297,365,430,493,552,608,661,628,577,522,466,406,344,279,213,145,76,7,-63,-132,-200,-267,-331,-394,-453,-511,-565,-617,-587,-537,-484,-429,-372,-313,-251,-188,-124,-59,6,72,137,201,264,325,384,441,496,548,598,570,522,471,419,364,308,249,190,129,68,6,-56,-117,-178,-238,-296,-353,-408,-461,-511,-560,-535,-488,-439,-388,-335,-281,-226,-169,-111,-53,6,64,122,180,237,292,346,398,449,498,545,521,476,429,380,330,278,225,171,116,61,5,-50,-106,-161,-215,-268,-320,-370,-419,-466,-512,-491,-446,-401,-354,-305,-256,-205,-153,-101,-48,5,58,111,163,215,265,315,363,410,456,500,480,437,393,348,301,254,205,156,106,55,5,-46,-96,-146,-196,-244,-292,-339,-384,-428,-471,-453,-411,-369,-325,-280,-234,-187,-140,-92,-44,5,53,101,149,196,243,289,334,377,420,461,444,404,363,320,277,233,188,143,97,51,4,-42,-88,-134,-180,-225,-269,-312,-354,-396,-436,-420,-381,-341,-300,-258,-216,-173,-129,-85,-40,4,49,93,137,181,224,267,308,349,389,428
-499,-536,-550,-536,-499,-423,-444,-452,-444,-423,-364,-378,-382,-378,-364,-319,-328,-331,-328,-319,-283,-289,-291,-289,-283,-404,-423,-442,-462,-481,-499,-516,-530,-541,-548,-550,-548,-541,-530,-516,-499,-481,-462,-442,-423,-404,-386,-402,-419,-435,-451,-466,-480,-491,-499,-505,-507,-505,-499,-491,-480,-466,-451,-435,-419,-402,-386,-368,-382,-397,-411,-424,-436,-447,-456,-463,-468,-469,-468,-463,-456,-447,-436,-424,-411,-397,-382,-368,-352,-364,-376,-388,-399,-410,-419,-426,-432,-435,-436,-435,-432,-426,-419,-410,-399,-388,-376,-364,-352,-336,-347,-357,-368,-377,-386,-393,-399,-404,-407,-408,-407,-404,-399,-393,-386,-377,-368,-357,-347,-336,-322,-331,-340,-349,-357,-364,-370,-375,-379,-382,-382,-382,-379,-375,-370,-364,-357,-349,-340,-331,-322,-308,-316,-324,-332,-338,-345,-350,-354,-357,-359,-360,-359,-357,-354,-350,-345,-338,-332,-324,-316,-308,-295,-302,-309,-316,-322,-327,-332,-335,-338,-340,-340,-340,-338,-335,-332,-327,-322,-316,-309,-302,-295,-283,-290,-296,-301,-306,-311,-315,-318,-320,-322,-322,-322,-320,-318,-315,-311,-306,-301,-296,-290,-283,-272,-278,-283,-288,-292,-296,-300,-302,-304,-306,-306,-306,-304,-302,-300,-296,-292,-288,-283,-278,-272,-262,-267,-271,-276,-279,-283,-286,-288,-290,-291,-291,-291,-290,-288,-286,-283,-279,-276,-271,-267,-262,-252,-256,-260,-264,-268,-271,-273,-275,-277,-278,-278,-278,-277,-275,-273,-271,-268,-264,-260,-256,-252,-243,-247,-250,-254,-257,-259,-262,-263,-265,-265,-266,-265,-265,-263,-262,-259,-257,-254,-250,-247,-243,-234,-238,-241,-244,-247,-249,-251,-253,-254,-254,-255,-254,-254,-253,-251,-249,-247,-244,-241,-238,-234,-226,-229,-232,-235,-237,-239,-241,-242,-243,-244,-244,-244,-243,-242,-241,-239,-237,-235,-232,-229,-226,-218,-221,-224,-226,-228,-230,-232,-233,-234,-235,-235,-235,-234,-233,-232,-230,-228,-226,-224,-221,-218
2018/10/31/15:48:48.376,2018/10/31/15:48:48.394,2018/10/31/15:48:48.411,2018/10/31/15:48:48.429,2018/10/31/15:48:48.447,2018/10/31/15:48:48.465,2018/10/31/15:48:48.483,2018/10/31/15:48:48.501,2018/10/31/15:48:48.519,2018/10/31/15:48:48.537,2018/10/31/15:48:48.555,2018/10/31/15:48:48.573,2018/10/31/15:48:48.590,2018/10/31/15:48:48.607,2018/10/31/15:48:48.624,2018/10/31/15:48:48.641,2018/10/31/15:48:48.658,2018/10/31/15:48:48.675,2018/10/31/15:48:48.692,2018/10/31/15:48:48.709,2018/10/31/15:48:48.726,2018/10/31/15:48:48.744,2018/10/31/15:48:48.762,2018/10/31/15:48:48.780,2018/10/31/15:48:48.797,2018/10/31/15:48:48.815,2018/10/31/15:48:48.832,2018/10/31/15:48:48.850,2018/10/31/15:48:48.868,2018/10/31/15:48:48.887,2018/10/31/15:48:48.904,2018/10/31/15:48:48.922,2018/10/31/15:48:48.941,2018/10/31/15:48:48.959,2018/10/31/15:48:48.978,2018/10/31/15:48:48.995,2018/10/31/15:48:49.013,2018/10/31/15:48:49.031,2018/10/31/15:48:49.048,2018/10/31/15:48:49.065,2018/10/31/15:48:49.083,2018/10/31/15:48:49.102,2018/10/31/15:48:49.119,2018/10/31/15:48:49.138,2018/10/31/15:48:49.156,2018/10/31/15:48:49.176,2018/10/31/15:48:49.196,2018/10/31/15:48:49.213,2018/10/31/15:48:49.231,2018/10/31/15:48:49.248,2018/10/31/15:48:49.266,2018/10/31/15:48:49.284,2018/10/31/15:48:49.301,2018/10/31/15:48:49.319,2018/10/31/15:48:49.336,2018/10/31/15:48:49.355,2018/10/31/15:48:49.373,2018/10/31/15:48:49.392,2018/10/31/15:48:49.410,2018/10/31/15:48:49.428,2018/10/31/15:48:49.446,2018/10/31/15:48:49.464,2018/10/31/15:48:49.482,2018/10/31/15:48:49.500,2018/10/31/15:48:49.518,2018/10/31/15:48:49.536,2018/10/31/15:48:49.555,2018/10/31/15:48:49.572,2018/10/31/15:48:49.591,2018/10/31/15:48:49.609,2018/10/31/15:48:49.626,2018/10/31/15:48:49.644,2018/10/31/15:48:49.661,2018/10/31/15:48:49.679,2018/10/31/15:48:49.698,2018/10/31/15:48:49.716,2018/10/31/15:48:49.734,2018/10/31/15:48:49.752,2018/10/31/15:48:49.770,2018/10/31/15:48:49.788,2018/10/31/15:48:49.806,2018/10/31/15:48:49.823,2018/10/31/15:48:49.842,2018/10/31/15:48:49.860,2018/10/31/15:48:49.877,2018/10/31/15:48:49.895,2018/10/31/15:48:49.912,2018/10/31/15:48:49.931,2018/10/31/15:48:49.948,2018/10/31/15:48:49.967,2018/10/31/15:48:49.985,2018/10/31/15:48:50.003,2018/10/31/15:48:50.021,2018/10/31/15:48:50.040,2018/10/31/15:48:50.058,2018/10/31/15:48:50.076,2018/10/31/15:48:50.093,2018/10/31/15:48:50.111,2018/10/31/15:48:50.129,2018/10/31/15:48:50.147,2018/10/31/15:48:50.165,2018/10/31/15:48:50.183,2018/10/31/15:48:50.200,2018/10/31/15:48:50.218,2018/10/31/15:48:50.236,2018/10/31/15:48:50.254,2018/10/31/15:48:50.273,2018/10/31/15:48:50.291,2018/10/31/15:48:50.309,2018/10/31/15:48:50.327,2018/10/31/15:48:50.344,2018/10/31/15:48:50.363,2018/10/31/15:48:50.380,2018/10/31/15:48:50.399,2018/10/31/15:48:50.420,2018/10/31/15:48:50.438,2018/10/31/15:48:50.456,2018/10/31/15:48:50.473,2018/10/31/15:48:50.491,2018/10/31/15:48:50.509,2018/10/31/15:48:50.526
526,434,335,230,122,11,-101,-210,-315,-414,-507,-467,-380,-287,-191,-91,10,111,210,306,398,484,448,367,281,193,101,9,-84,-175,-264,-350,-432,-401,-325,-245,-162,-77,8,94,178,261,340,417,389,317,243,166,87,8,-72,-151,-228,-303,-375,-352,-284,-213,-141,-67,7,81,155,227,297,365,344,279,213,145,76,7,-63,-132,-200,-267,-331,-313,-251,-188,-124,-59,6,72,137,201,264,325,308,249,190,129,68,6,-56,-117,-178,-238,-296,-281,-226,-169,-111,-53,6,64,122,180,237,292,278,225,171,116,61,5,-50,-106,-161,-215,-268
-499,-516,-530,-541,-548,-550,-548,-541,-530,-516,-499,-466,-480,-491,-499,-505,-507,-505,-499,-491,-480,-466,-436,-447,-456,-463,-468,-469,-468,-463,-456,-447,-436,-410,-419,-426,-432,-435,-436,-435,-432,-426,-419,-410,-386,-393,-399,-404,-407,-408,-407,-404,-399,-393,-386,-364,-370,-375,-379,-382,-382,-382,-379,-375,-370,-364,-345,-350,-354,-357,-359,-360,-359,-357,-354,-350,-345,-327,-332,-335,-338,-340,-340,-340,-338,-335,-332,-327,-311,-315,-318,-320,-322,-322,-322,-320,-318,-315,-311,-296,-300,-302,-304,-306,-306,-306,-304,-302,-300,-296,-283,-286,-288,-290,-291,-291,-291,-290,-288,-286,-283
2018/10/31/15:52:57.005,2018/10/31/15:52:58.472,2018/10/31/15:52:59.955,2018/10/31/15:53:01.438,2018/10/31/15:53:02.939,2018/10/31/15:53:04.440,2018/10/31/15:53:05.938,2018/10/31/15:53:07.441,2018/10/31/15:53:08.921,2018/10/31/15:53:10.404,2018/10/31/15:53:11.870,2018/10/31/15:53:13.186,2018/10/31/15:53:14.637,2018/10/31/15:53:16.104,2018/10/31/15:53:17.570,2018/10/31/15:53:19.053,2018/10/31/15:53:20.536,2018/10/31/15:53:22.019,2018/10/31/15:53:23.503,2018/10/31/15:53:24.969,2018/10/31/15:53:26.435,2018/10/31/15:53:27.885,2018/10/31/15:53:29.186,2018/10/31/15:53:30.619,2018/10/31/15:53:32.068,2018/10/31/15:53:33.518,2018/10/31/15:53:34.985,2018/10/31/15:53:36.451,2018/10/31/15:53:37.918,2018/10/31/15:53:39.384,2018/10/31/15:53:40.834,2018/10/31/15:53:42.284,2018/10/31/15:53:43.717,2018/10/31/15:53:45.000,2018/10/31/15:53:46.417,2018/10/31/15:53:47.850,2018/10/31/15:53:49.283,2018/10/31/15:53:50.733,2018/10/31/15:53:52.183,2018/10/31/15:53:53.633,2018/10/31/15:53:55.082,2018/10/31/15:53:56.515,2018/10/31/15:53:57.948,2018/10/31/15:53:59.366,2018/10/31/15:54:00.632,2018/10/31/15:54:02.049,2018/10/31/15:54:03.465,2018/10/31/15:54:04.881,2018/10/31/15:54:06.315,2018/10/31/15:54:07.747,2018/10/31/15:54:09.181,2018/10/31/15:54:10.615,2018/10/31/15:54:12.048,2018/10/31/15:54:13.464,2018/10/31/15:54:14.880,2018/10/31/15:54:16.130,2018/10/31/15:54:17.530,2018/10/31/15:54:18.946,2018/10/31/15:54:20.364,2018/10/31/15:54:21.780,2018/10/31/15:54:23.196,2018/10/31/15:54:24.613,2018/10/31/15:54:26.029,2018/10/31/15:54:27.446,2018/10/31/15:54:28.845,2018/10/31/15:54:30.245,2018/10/31/15:54:31.479,2018/10/31/15:54:32.879,2018/10/31/15:54:34.278,2018/10/31/15:54:35.678,2018/10/31/15:54:37.079,2018/10/31/15:54:38.478,2018/10/31/15:54:39.878,2018/10/31/15:54:41.278,2018/10/31/15:54:42.677,2018/10/31/15:54:44.077,2018/10/31/15:54:45.461,2018/10/31/15:54:46.677,2018/10/31/15:54:48.060,2018/10/31/15:54:49.443,2018/10/31/15:54:50.827,2018/10/31/15:54:52.227,2018/10/31/15:54:53.610,2018/10/31/15:54:55.010,2018/10/31/15:54:56.409,2018/10/31/15:54:57.793,2018/10/31/15:54:59.176,2018/10/31/15:55:00.560,2018/10/31/15:55:01.776,2018/10/31/15:55:03.159,2018/10/31/15:55:04.542,2018/10/31/15:55:05.925,2018/10/31/15:55:07.308,2018/10/31/15:55:08.691,2018/10/31/15:55:10.075,2018/10/31/15:55:11.458,2018/10/31/15:55:12.841,2018/10/31/15:55:14.224,2018/10/31/15:55:15.591,2018/10/31/15:55:16.790,2018/10/31/15:55:18.158,2018/10/31/15:55:19.524,2018/10/31/15:55:20.890,2018/10/31/15:55:22.257,2018/10/31/15:55:23.623,2018/10/31/15:55:24.990,2018/10/31/15:55:26.357,2018/10/31/15:55:27.723,2018/10/31/15:55:29.089,2018/10/31/15:55:30.456,2018/10/31/15:55:31.656,2018/10/31/15:55:33.023,2018/10/31/15:55:34.389,2018/10/31/15:55:35.755,2018/10/31/15:55:37.122,2018/10/31/15:55:38.488,2018/10/31/15:55:39.855,2018/10/31/15:55:41.222,2018/10/31/15:55:42.589,2018/10/31/15:55:43.955,2018/10/31/15:55:45.321
526,434,335,230,122,11,-101,-210,-315,-414,-507,-467,-380,-287,-191,-91,10,111,210,306,398,484,448,367,281,193,101,9,-84,-175,-264,-350,-432,-401,-325,-245,-162,-77,8,94,178,261,340,417,389,317,243,166,87,8,-72,-151,-228,-303,-375,-352,-284,-213,-141,-67,7,81,155,227,297,365,344,279,213,145,76,7,-63,-132,-200,-267,-331,-313,-251,-188,-124,-59,6,72,137,201,264,325,308,249,190,129,68,6,-56,-117,-178,-238,-296,-281,-226,-169,-111,-53,6,64,122,180,237,292,278,225,171,116,61,5,-50,-106,-161,-215,-268
-499,-516,-530,-541,-548,-550,-548,-541,-530,-516,-499,-466,-480,-491,-499,-505,-507,-505,-499,-491,-480,-466,-436,-447,-456,-463,-468,-469,-468,-463,-456,-447,-436,-410,-419,-426,-432,-435,-436,-435,-432,-426,-419,-410,-386,-393,-399,-404,-407,-408,-407,-404,-399,-393,-386,-364,-370,-375,-379,-382,-382,-382,-379,-375,-370,-364,-345,-350,-354,-357,-359,-360,-359,-357,-354,-350,-345,-327,-332,-335,-338,-340,-340,-340,-338,-335,-332,-327,-311,-315,-318,-320,-322,-322,-322,-320,-318,-315,-311,-296,-300,-302,-304,-306,-306,-306,-304,-302,-300,-296,-283,-286,-288,-290,-291,-291,-291,-290,-288,-286,-283
2018/10/31/15:58:39.074,2018/10/31/15:58:39.092,2018/10/31/15:58:39.109,2018/10/31/15:58:39.127,2018/10/31/15:58:39.145,2018/10/31/15:58:39.165,2018/10/31/15:58:39.182,2018/10/31/15:58:39.199,2018/10/31/15:58:39.225,2018/10/31/15:58:39.242,2018/10/31/15:58:39.260,2018/10/31/15:58:39.278,2018/10/31/15:58:39.296,2018/10/31/15:58:39.313,2018/10/31/15:58:39.332,2018/10/31/15:58:39.350,2018/10/31/15:58:39.368,2018/10/31/15:58:39.385,2018/10/31/15:58:39.403,2018/10/31/15:58:39.421,2018/10/31/15:58:39.439,2018/10/31/15:58:39.457,2018/10/31/15:58:39.475,2018/10/31/15:58:39.496,2018/10/31/15:58:39.515,2018/10/31/15:58:39.553,2018/10/31/15:58:39.572,2018/10/31/15:58:39.591,2018/10/31/15:58:39.609,2018/10/31/15:58:39.627,2018/10/31/15:58:39.646,2018/10/31/15:58:39.663,2018/10/31/15:58:39.682,2018/10/31/15:58:39.699,2018/10/31/15:58:39.718,2018/10/31/15:58:39.736,2018/10/31/15:58:39.754,2018/10/31/15:58:39.771,2018/10/31/15:58:39.789,2018/10/31/15:58:39.807,2018/10/31/15:58:39.826,2018/10/31/15:58:39.850,2018/10/31/15:58:39.868,2018/10/31/15:58:39.886,2018/10/31/15:58:39.904,2018/10/31/15:58:39.922,2018/10/31/15:58:39.940,2018/10/31/15:58:39.959,2018/10/31/15:58:39.977,2018/10/31/15:58:39.994,2018/10/31/15:58:40.013,2018/10/31/15:58:40.031,2018/10/31/15:58:40.051,2018/10/31/15:58:40.070,2018/10/31/15:58:40.088,2018/10/31/15:58:40.106,2018/10/31/15:58:40.123,2018/10/31/15:58:40.141,2018/10/31/15:58:40.159,2018/10/31/15:58:40.177,2018/10/31/15:58:40.196,2018/10/31/15:58:40.214,2018/10/31/15:58:40.232,2018/10/31/15:58:40.249,2018/10/31/15:58:40.267,2018/10/31/15:58:40.285,2018/10/31/15:58:40.304,2018/10/31/15:58:40.321,2018/10/31/15:58:40.339,2018/10/31/15:58:40.357,2018/10/31/15:58:40.375,2018/10/31/15:58:40.393,2018/10/31/15:58:40.412,2018/10/31/15:58:40.429,2018/10/31/15:58:40.448,2018/10/31/15:58:40.466,2018/10/31/15:58:40.483,2018/10/31/15:58:40.501,2018/10/31/15:58:40.520,2018/10/31/15:58:40.538,2018/10/31/15:58:40.555,2018/10/31/15:58:40.574,2018/10/31/15:58:40.591,2018/10/31/15:58:40.609,2018/10/31/15:58:40.627,2018/10/31/15:58:40.646,2018/10/31/15:58:40.664,2018/10/31/15:58:40.682,2018/10/31/15:58:40.699,2018/10/31/15:58:40.718,2018/10/31/15:58:40.735,2018/10/31/15:58:40.754,2018/10/31/15:58:40.772,2018/10/31/15:58:40.789,2018/10/31/15:58:40.808,2018/10/31/15:58:40.826,2018/10/31/15:58:40.843,2018/10/31/15:58:40.861,2018/10/31/15:58:40.879,2018/10/31/15:58:40.898,2018/10/31/15:58:40.916,2018/10/31/15:58:40.934,2018/10/31/15:58:40.952,2018/10/31/15:58:40.969,2018/10/31/15:58:40.987,2018/10/31/15:58:41.005,2018/10/31/15:58:41.022,2018/10/31/15:58:41.040,2018/10/31/15:58:41.059,2018/10/31/15:58:41.077,2018/10/31/15:58:41.095,2018/10/31/15:58:41.112,2018/10/31/15:58:41.131,2018/10/31/15:58:41.149,2018/10/31/15:58:41.167,2018/10/31/15:58:41.185,2018/10/31/15:58:41.203,2018/10/31/15:58:41.220,2018/10/31/15:58:41.238,2018/10/31/15:58:41.256,2018/10/31/15:58:41.275
526,434,335,230,122,11,-101,-210,-315,-414,-507,-467,-380,-287,-191,-91,10,111,210,306,398,484,448,367,281,193,101,9,-84,-175,-264,-350,-432,-401,-325,-245,-162,-77,8,94,178,261,340,417,389,317,243,166,87,8,-72,-151,-228,-303,-375,-352,-284,-213,-141,-67,7,81,155,227,297,365,344,279,213,145,76,7,-63,-132,-200,-267,-331,-313,-251,-188,-124,-59,6,72,137,201,264,325,308,249,190,129,68,6,-56,-117,-178,-238,-296,-281,-226,-169,-111,-53,6,64,122,180,237,292,278,225,171,116,61,5,-50,-106,-161,-215,-268
-499,-516,-530,-541,-548,-550,-548,-541,-530,-516,-499,-466,-480,-491,-499,-505,-507,-505,-499,-491,-480,-466,-436,-447,-456,-463,-468,-469,-468,-463,-456,-447,-436,-410,-419,-426,-432,-435,-436,-435,-432,-426,-419,-410,-386,-393,-399,-404,-407,-408,-407,-404,-399,-393,-386,-364,-370,-375,-379,-382,-382,-382,-379,-375,-370,-364,-345,-350,-354,-357,-359,-360,-359,-357,-354,-350,-345,-327,-332,-335,-338,-340,-340,-340,-338,-335,-332,-327,-311,-315,-318,-320,-322,-322,-322,-320,-318,-315,-311,-296,-300,-302,-304,-306,-306,-306,-304,-302,-300,-296,-283,-286,-288,-290,-291,-291,-291,-290,-288,-286,-283
2018/10/31/16:01:02.372,2018/10/31/16:01:02.403,2018/10/31/16:01:02.434,2018/10/31/16:01:02.465,2018/10/31/16:01:02.497,2018/10/31/16:01:02.528,2018/10/31/16:01:02.559,2018/10/31/16:01:02.590,2018/10/31/16:01:02.622,2018/10/31/16:01:02.653,2018/10/31/16:01:02.684,2018/10/31/16:01:02.715,2018/10/31/16:01:02.747,2018/10/31/16:01:02.778,2018/10/31/16:01:02.809,2018/10/31/16:01:02.840,2018/10/31/16:01:02.872,2018/10/31/16:01:02.903,2018/10/31/16:01:02.934,2018/10/31/16:01:02.965,2018/10/31/16:01:02.997,2018/10/31/16:01:03.028,2018/10/31/16:01:03.059,2018/10/31/16:01:03.090,2018/10/31/16:01:03.122,2018/10/31/16:01:03.153,2018/10/31/16:01:03.184,2018/10/31/16:01:03.215,2018/10/31/16:01:03.247,2018/10/31/16:01:03.278,2018/10/31/16:01:03.305,2018/10/31/16:01:03.310,2018/10/31/16:01:03.341,2018/10/31/16:01:03.372,2018/10/31/16:01:03.403,2018/10/31/16:01:03.435,2018/10/31/16:01:03.466,2018/10/31/16:01:03.497,2018/10/31/16:01:03.528,2018/10/31/16:01:03.560,2018/10/31/16:01:03.591,2018/10/31/16:01:03.622,2018/10/31/16:01:03.653,2018/10/31/16:01:03.685,2018/10/31/16:01:03.716,2018/10/31/16:01:03.747,2018/10/31/16:01:03.778,2018/10/31/16:01:03.810,2018/10/31/16:01:03.841,2018/10/31/16:01:03.872,2018/10/31/16:01:03.903,2018/10/31/16:01:03.935,2018/10/31/16:01:03.966,2018/10/31/16:01:03.997,2018/10/31/16:01:04.028,2018/10/31/16:01:04.060,2018/10/31/16:01:04.091,2018/10/31/16:01:04.122,2018/10/31/16:01:04.153,2018/10/31/16:01:04.185,2018/10/31/16:01:04.216,2018/10/31/16:01:04.247,2018/10/31/16:01:04.278,2018/10/31/16:01:04.310,2018/10/31/16:01:04.341,2018/10/31/16:01:04.372,2018/10/31/16:01:04.403,2018/10/31/16:01:04.435,2018/10/31/16:01:04.466,2018/10/31/16:01:04.497,2018/10/31/16:01:04.528,2018/10/31/16:01:04.560,2018/10/31/16:01:04.591,2018/10/31/16:01:04.622,2018/10/31/16:01:04.653,2018/10/31/16:01:04.684,2018/10/31/16:01:04.716,2018/10/31/16:01:04.747,2018/10/31/16:01:04.778,2018/10/31/16:01:04.809,2018/10/31/16:01:04.841,2018/10/31/16:01:04.872,2018/10/31/16:01:04.903,2018/10/31/16:01:04.934,2018/10/31/16:01:04.966,2018/10/31/16:01:04.997,2018/10/31/16:01:05.028,2018/10/31/16:01:05.059,2018/10/31/16:01:05.091,2018/10/31/16:01:05.122,2018/10/31/16:01:05.153,2018/10/31/16:01:05.184,2018/10/31/16:01:05.216,2018/10/31/16:01:05.247,2018/10/31/16:01:05.278,2018/10/31/16:01:05.309,2018/10/31/16:01:05.341,2018/10/31/16:01:05.372,2018/10/31/16:01:05.403,2018/10/31/16:01:05.434,2018/10/31/16:01:05.466,2018/10/31/16:01:05.497,2018/10/31/16:01:05.528,2018/10/31/16:01:05.559,2018/10/31/16:01:05.591,2018/10/31/16:01:05.622,2018/10/31/16:01:05.653,2018/10/31/16:01:05.684,2018/10/31/16:01:05.716,2018/10/31/16:01:05.747,2018/10/31/16:01:05.778,2018/10/31/16:01:05.809,2018/10/31/16:01:05.841,2018/10/31/16:01:05.872,2018/10/31/16:01:05.903,2018/10/31/16:01:05.934,2018/10/31/16:01:05.966,2018/10/31/16:01:05.997,2018/10/31/16:01:06.028,2018/10/31/16:01:06.059,2018/10/31/16:01:06.091
526,434,335,230,122,11,-101,-210,-315,-414,-507,-467,-380,-287,-191,-91,10,111,210,306,398,484,448,367,281,193,101,9,-84,-175,-264,-350,-432,-401,-325,-245,-162,-77,8,94,178,261,340,417,389,317,243,166,87,8,-72,-151,-228,-303,-375,-352,-284,-213,-141,-67,7,81,155,227,297,365,344,279,213,145,76,7,-63,-132,-200,-267,-331,-313,-251,-188,-124,-59,6,72,137,201,264,325,308,249,190,129,68,6,-56,-117,-178,-238,-296,-281,-226,-169,-111,-53,6,64,122,180,237,292,278,225,171,116,61,5,-50,-106,-161,-215,-268
-499,-516,-530,-541,-548,-550,-548,-541,-530,-516,-499,-466,-480,-491,-499,-505,-507,-505,-499,-491,-480,-466,-436,-447,-456,-463,-468,-469,-468,-463,-456,-447,-436,-410,-419,-426,-432,-435,-436,-435,-432,-426,-419,-410,-386,-393,-399,-404,-407,-408,-407,-404,-399,-393,-386,-364,-370,-375,-379,-382,-382,-382,-379,-375,-370,-364,-345,-350,-354,-357,-359,-360,-359,-357,-354,-350,-345,-327,-332,-335,-338,-340,-340,-340,-338,-335,-332,-327,-311,-315,-318,-320,-322,-322,-322,-320,-318,-315,-311,-296,-300,-302,-304,-306,-306,-306,-304,-302,-300,-296,-283,-286,-288,-290,-291,-291,-291,-290,-288,-286,-283
2018/10/31/16:01:02.372,2018/10/31/16:01:02.403,2018/10/31/16:01:02.434,2018/10/31/16:01:02.465,2018/10/31/16:01:02.497,2018/10/31/16:01:02.528,2018/10/31/16:01:02.559,2018/10/31/16:01:02.590,2018/10/31/16:01:02.622,2018/10/31/16:01:02.653,2018/10/31/16:01:02.684,2018/10/31/16:01:02.715,2018/10/31/16:01:02.747,2018/10/31/16:01:02.778,2018/10/31/16:01:02.809,2018/10/31/16:01:02.840,2018/10/31/16:01:02.872,2018/10/31/16:01:02.903,2018/10/31/16:01:02.934,2018/10/31/16:01:02.965,2018/10/31/16:01:02.997,2018/10/31/16:01:03.028,2018/10/31/16:01:03.059,2018/10/31/16:01:03.090,2018/10/31/16:01:03.122,2018/10/31/16:01:03.153,2018/10/31/16:01:03.184,2018/10/31/16:01:03.215,2018/10/31/16:01:03.247,2018/10/31/16:01:03.278,2018/10/31/16:01:03.305,2018/10/31/16:01:03.310,2018/10/31/16:01:03.341,2018/10/31/16:01:03.372,2018/10/31/16:01:03.403,2018/10/31/16:01:03.435,2018/10/31/16:01:03.466,2018/10/31/16:01:03.497,2018/10/31/16:01:03.528,2018/10/31/16:01:03.560,2018/10/31/16:01:03.591,2018/10/31/16:01:03.622,2018/10/31/16:01:03.653,2018/10/31/16:01:03.685,2018/10/31/16:01:03.716,2018/10/31/16:01:03.747,2018/10/31/16:01:03.778,2018/10/31/16:01:03.810,2018/10/31/16:01:03.841,2018/10/31/16:01:03.872,2018/10/31/16:01:03.903,2018/10/31/16:01:03.935,2018/10/31/16:01:03.966,2018/10/31/16:01:03.997,2018/10/31/16:01:04.028,2018/10/31/16:01:04.060,2018/10/31/16:01:04.091,2018/10/31/16:01:04.122,2018/10/31/16:01:04.153,2018/10/31/16:01:04.185,2018/10/31/16:01:04.216,2018/10/31/16:01:04.247,2018/10/31/16:01:04.278,2018/10/31/16:01:04.310,2018/10/31/16:01:04.341,2018/10/31/16:01:04.372,2018/10/31/16:01:04.403,2018/10/31/16:01:04.435,2018/10/31/16:01:04.466,2018/10/31/16:01:04.497,2018/10/31/16:01:04.528,2018/10/31/16:01:04.560,2018/10/31/16:01:04.591,2018/10/31/16:01:04.622,2018/10/31/16:01:04.653,2018/10/31/16:01:04.684,2018/10/31/16:01:04.716,2018/10/31/16:01:04.747,2018/10/31/16:01:04.778,2018/10/31/16:01:04.809,2018/10/31/16:01:04.841,2018/10/31/16:01:04.872,2018/10/31/16:01:04.903,2018/10/31/16:01:04.934,2018/10/31/16:01:04.966,2018/10/31/16:01:04.997,2018/10/31/16:01:05.028,2018/10/31/16:01:05.059,2018/10/31/16:01:05.091,2018/10/31/16:01:05.122,2018/10/31/16:01:05.153,2018/10/31/16:01:05.184,2018/10/31/16:01:05.216,2018/10/31/16:01:05.247,2018/10/31/16:01:05.278,2018/10/31/16:01:05.309,2018/10/31/16:01:05.341,2018/10/31/16:01:05.372,2018/10/31/16:01:05.403,2018/10/31/16:01:05.434,2018/10/31/16:01:05.466,2018/10/31/16:01:05.497,2018/10/31/16:01:05.528,2018/10/31/16:01:05.559,2018/10/31/16:01:05.591,2018/10/31/16:01:05.622,2018/10/31/16:01:05.653,2018/10/31/16:01:05.684,2018/10/31/16:01:05.716,2018/10/31/16:01:05.747,2018/10/31/16:01:05.778,2018/10/31/16:01:05.809,2018/10/31/16:01:05.841,2018/10/31/16:01:05.872,2018/10/31/16:01:05.903,2018/10/31/16:01:05.934,2018/10/31/16:01:05.966,2018/10/31/16:01:05.997,2018/10/31/16:01:06.028,2018/10/31/16:01:06.059,2018/10/31/16:01:06.091,2018/10/31/16:01:06.200,2018/10/31/16:01:06.231,2018/10/31/16:01:06.263,2018/10/31/16:01:06.295,2018/10/31/16:01:06.314,2018/10/31/16:01:06.332,2018/10/31/16:01:06.363,2018/10/31/16:01:06.395,2018/10/31/16:01:06.426,2018/10/31/16:01:06.457,2018/10/31/16:01:06.488,2018/10/31/16:01:06.520,2018/10/31/16:01:06.551,2018/10/31/16:01:06.582,2018/10/31/16:01:06.613,2018/10/31/16:01:06.645,2018/10/31/16:01:06.676,2018/10/31/16:01:06.707,2018/10/31/16:01:06.738,2018/10/31/16:01:06.770,2018/10/31/16:01:06.801,2018/10/31/16:01:06.832,2018/10/31/16:01:06.863,2018/10/31/16:01:06.895,2018/10/31/16:01:06.926,2018/10/31/16:01:06.957,2018/10/31/16:01:06.988,2018/10/31/16:01:07.019,2018/10/31/16:01:07.051,2018/10/31/16:01:07.082,2018/10/31/16:01:07.113,2018/10/31/16:01:07.144,2018/10/31/16:01:07.176,2018/10/31/16:01:07.207,2018/10/31/16:01:07.238,2018/10/31/16:01:07.269,2018/10/31/16:01:07.301,2018/10/31/16:01:07.332,2018/10/31/16:01:07.363,2018/10/31/16:01:07.394,2018/10/31/16:01:07.426,2018/10/31/16:01:07.457,2018/10/31/16:01:07.488,2018/10/31/16:01:07.519,2018/10/31/16:01:07.551,2018/10/31/16:01:07.582,2018/10/31/16:01:07.613,2018/10/31/16:01:07.644,2018/10/31/16:01:07.676,2018/10/31/16:01:07.707,2018/10/31/16:01:07.738,2018/10/31/16:01:07.769,2018/10/31/16:01:07.801,2018/10/31/16:01:07.832,2018/10/31/16:01:07.863,2018/10/31/16:01:07.894,2018/10/31/16:01:07.926,2018/10/31/16:01:07.957,2018/10/31/16:01:07.988,2018/10/31/16:01:08.019,2018/10/31/16:01:08.051,2018/10/31/16:01:08.082,2018/10/31/16:01:08.113,2018/10/31/16:01:08.144,2018/10/31/16:01:08.176,2018/10/31/16:01:08.207,2018/10/31/16:01:08.238,2018/10/31/16:01:08.269,2018/10/31/16:01:08.301,2018/10/31/16:01:08.332,2018/10/31/16:01:08.363,2018/10/31/16:01:08.394,2018/10/31/16:01:08.426,2018/10/31/16:01:08.457,2018/10/31/16:01:08.488,2018/10/31/16:01:08.519,2018/10/31/16:01:08.551,2018/10/31/16:01:08.582,2018/10/31/16:01:08.613,2018/10/31/16:01:08.644,2018/10/31/16:01:08.676,2018/10/31/16:01:08.707,2018/10/31/16:01:08.738,2018/10/31/16:01:08.769,2018/10/31/16:01:08.801,2018/10/31/16:01:08.832,2018/10/31/16:01:08.863,2018/10/31/16:01:08.894,2018/10/31/16:01:08.926,2018/10/31/16:01:08.957,2018/10/31/16:01:08.988,2018/10/31/16:01:09.019,2018/10/31/16:01:09.051,2018/10/31/16:01:09.083,2018/10/31/16:01:09.100,2018/10/31/16:01:09.113,2018/10/31/16:01:09.145,2018/10/31/16:01:09.176,2018/10/31/16:01:09.207,2018/10/31/16:01:09.238,2018/10/31/16:01:09.270,2018/10/31/16:01:09.301,2018/10/31/16:01:09.332,2018/10/31/16:01:09.363,2018/10/31/16:01:09.395,2018/10/31/16:01:09.426,2018/10/31/16:01:09.457,2018/10/31/16:01:09.488,2018/10/31/16:01:09.520,2018/10/31/16:01:09.551,2018/10/31/16:01:09.582,2018/10/31/16:01:09.613,2018/10/31/16:01:09.645,2018/10/31/16:01:09.676,2018/10/31/16:01:09.707,2018/10/31/16:01:09.738,2018/10/31/16:01:09.770,2018/10/31/16:01:09.801,2018/10/31/16:01:09.832,2018/10/31/16:01:09.863,2018/10/31/16:01:09.895
526,434,335,230,122,11,-101,-210,-315,-414,-507,-467,-380,-287,-191,-91,10,111,210,306,398,484,448,367,281,193,101,9,-84,-175,-264,-350,-432,-401,-325,-245,-162,-77,8,94,178,261,340,417,389,317,243,166,87,8,-72,-151,-228,-303,-375,-352,-284,-213,-141,-67,7,81,155,227,297,365,344,279,213,145,76,7,-63,-132,-200,-267,-331,-313,-251,-188,-124,-59,6,72,137,201,264,325,308,249,190,129,68,6,-56,-117,-178,-238,-296,-281,-226,-169,-111,-53,6,64,122,180,237,292,278,225,171,116,61,5,-50,-106,-161,-215,-268,882,824,760,689,611,526,434,335,230,122,11,10,111,210,306,398,484,565,640,708,771,829,781,724,662,596,524,448,367,281,193,101,9,8,94,178,261,340,417,489,557,622,681,737,697,643,585,523,458,389,317,243,166,87,8,7,81,155,227,297,365,430,493,552,608,661,628,577,522,466,406,344,279,213,145,76,7,6,72,137,201,264,325,384,441,496,548,598,570,522,471,419,364,308,249,190,129,68,6,6,64,122,180,237,292,346,398,449,498,545,521,476,429,380,330,278,225,171,116,61,5
-499,-516,-530,-541,-548,-550,-548,-541,-530,-516,-499,-466,-480,-491,-499,-505,-507,-505,-499,-491,-480,-466,-436,-447,-456,-463,-468,-469,-468,-463,-456,-447,-436,-410,-419,-426,-432,-435,-436,-435,-432,-426,-419,-410,-386,-393,-399,-404,-407,-408,-407,-404,-399,-393,-386,-364,-370,-375,-379,-382,-382,-382,-379,-375,-370,-364,-345,-350,-354,-357,-359,-360,-359,-357,-354,-350,-345,-327,-332,-335,-338,-340,-340,-340,-338,-335,-332,-327,-311,-315,-318,-320,-322,-322,-322,-320,-318,-315,-311,-296,-300,-302,-304,-306,-306,-306,-304,-302,-300,-296,-283,-286,-288,-290,-291,-291,-291,-290,-288,-286,-283,-404,-423,-442,-462,-481,-499,-516,-530,-541,-548,-550,-507,-505,-499,-491,-480,-466,-451,-435,-419,-402,-386,-368,-382,-397,-411,-424,-436,-447,-456,-463,-468,-469,-436,-435,-432,-426,-419,-410,-399,-388,-376,-364,-352,-336,-347,-357,-368,-377,-386,-393,-399,-404,-407,-408,-382,-382,-379,-375,-370,-364,-357,-349,-340,-331,-322,-308,-316,-324,-332,-338,-345,-350,-354,-357,-359,-360,-340,-340,-338,-335,-332,-327,-322,-316,-309,-302,-295,-283,-290,-296,-301,-306,-311,-315,-318,-320,-322,-322,-306,-306,-304,-302,-300,-296,-292,-288,-283,-278,-272,-262,-267,-271,-276,-279,-283,-286,-288,-290,-291,-291
2018/10/31/16:01:02.372,2018/10/31/16:01:02.403,2018/10/31/16:01:02.434,2018/10/31/16:01:02.465,2018/10/31/16:01:02.497,2018/10/31/16:01:02.528,2018/10/31/16:01:02.559,2018/10/31/16:01:02.590,2018/10/31/16:01:02.622,2018/10/31/16:01:02.653,2018/10/31/16:01:02.684,2018/10/31/16:01:02.715,2018/10/31/16:01:02.747,2018/10/31/16:01:02.778,2018/10/31/16:01:02.809,2018/10/31/16:01:02.840,2018/10/31/16:01:02.872,2018/10/31/16:01:02.903,2018/10/31/16:01:02.934,2018/10/31/16:01:02.965,2018/10/31/16:01:02.997,2018/10/31/16:01:03.028,2018/10/31/16:01:03.059,2018/10/31/16:01:03.090,2018/10/31/16:01:03.122,2018/10/31/16:01:03.153,2018/10/31/16:01:03.184,2018/10/31/16:01:03.215,2018/10/31/16:01:03.247,2018/10/31/16:01:03.278,2018/10/31/16:01:03.305,2018/10/31/16:01:03.310,2018/10/31/16:01:03.341,2018/10/31/16:01:03.372,2018/10/31/16:01:03.403,2018/10/31/16:01:03.435,2018/10/31/16:01:03.466,2018/10/31/16:01:03.497,2018/10/31/16:01:03.528,2018/10/31/16:01:03.560,2018/10/31/16:01:03.591,2018/10/31/16:01:03.622,2018/10/31/16:01:03.653,2018/10/31/16:01:03.685,2018/10/31/16:01:03.716,2018/10/31/16:01:03.747,2018/10/31/16:01:03.778,2018/10/31/16:01:03.810,2018/10/31/16:01:03.841,2018/10/31/16:01:03.872,2018/10/31/16:01:03.903,2018/10/31/16:01:03.935,2018/10/31/16:01:03.966,2018/10/31/16:01:03.997,2018/10/31/16:01:04.028,2018/10/31/16:01:04.060,2018/10/31/16:01:04.091,2018/10/31/16:01:04.122,2018/10/31/16:01:04.153,2018/10/31/16:01:04.185,2018/10/31/16:01:04.216,2018/10/31/16:01:04.247,2018/10/31/16:01:04.278,2018/10/31/16:01:04.310,2018/10/31/16:01:04.341,2018/10/31/16:01:04.372,2018/10/31/16:01:04.403,2018/10/31/16:01:04.435,2018/10/31/16:01:04.466,2018/10/31/16:01:04.497,2018/10/31/16:01:04.528,2018/10/31/16:01:04.560,2018/10/31/16:01:04.591,2018/10/31/16:01:04.622,2018/10/31/16:01:04.653,2018/10/31/16:01:04.684,2018/10/31/16:01:04.716,2018/10/31/16:01:04.747,2018/10/31/16:01:04.778,2018/10/31/16:01:04.809,2018/10/31/16:01:04.841,2018/10/31/16:01:04.872,2018/10/31/16:01:04.903,2018/10/31/16:01:04.934,2018/10/31/16:01:04.966,2018/10/31/16:01:04.997,2018/10/31/16:01:05.028,2018/10/31/16:01:05.059,2018/10/31/16:01:05.091,2018/10/31/16:01:05.122,2018/10/31/16:01:05.153,2018/10/31/16:01:05.184,2018/10/31/16:01:05.216,2018/10/31/16:01:05.247,2018/10/31/16:01:05.278,2018/10/31/16:01:05.309,2018/10/31/16:01:05.341,2018/10/31/16:01:05.372,2018/10/31/16:01:05.403,2018/10/31/16:01:05.434,2018/10/31/16:01:05.466,2018/10/31/16:01:05.497,2018/10/31/16:01:05.528,2018/10/31/16:01:05.559,2018/10/31/16:01:05.591,2018/10/31/16:01:05.622,2018/10/31/16:01:05.653,2018/10/31/16:01:05.684,2018/10/31/16:01:05.716,2018/10/31/16:01:05.747,2018/10/31/16:01:05.778,2018/10/31/16:01:05.809,2018/10/31/16:01:05.841,2018/10/31/16:01:05.872,2018/10/31/16:01:05.903,2018/10/31/16:01:05.934,2018/10/31/16:01:05.966,2018/10/31/16:01:05.997,2018/10/31/16:01:06.028,2018/10/31/16:01:06.059,2018/10/31/16:01:06.091,2018/10/31/16:01:06.200,2018/10/31/16:01:06.231,2018/10/31/16:01:06.263,2018/10/31/16:01:06.295,2018/10/31/16:01:06.314,2018/10/31/16:01:06.332,2018/10/31/16:01:06.363,2018/10/31/16:01:06.395,2018/10/31/16:01:06.426,2018/10/31/16:01:06.457,2018/10/31/16:01:06.488,2018/10/31/16:01:06.520,2018/10/31/16:01:06.551,2018/10/31/16:01:06.582,2018/10/31/16:01:06.613,2018/10/31/16:01:06.645,2018/10/31/16:01:06.676,2018/10/31/16:01:06.707,2018/10/31/16:01:06.738,2018/10/31/16:01:06.770,2018/10/31/16:01:06.801,2018/10/31/16:01:06.832,2018/10/31/16:01:06.863,2018/10/31/16:01:06.895,2018/10/31/16:01:06.926,2018/10/31/16:01:06.957,2018/10/31/16:01:06.988,2018/10/31/16:01:07.019,2018/10/31/16:01:07.051,2018/10/31/16:01:07.082,2018/10/31/16:01:07.113,2018/10/31/16:01:07.144,2018/10/31/16:01:07.176,2018/10/31/16:01:07.207,2018/10/31/16:01:07.238,2018/10/31/16:01:07.269,2018/10/31/16:01:07.301,2018/10/31/16:01:07.332,2018/10/31/16:01:07.363,2018/10/31/16:01:07.394,2018/10/31/16:01:07.426,2018/10/31/16:01:07.457,2018/10/31/16:01:07.488,2018/10/31/16:01:07.519,2018/10/31/16:01:07.551,2018/10/31/16:01:07.582,2018/10/31/16:01:07.613,2018/10/31/16:01:07.644,2018/10/31/16:01:07.676,2018/10/31/16:01:07.707,2018/10/31/16:01:07.738,2018/10/31/16:01:07.769,2018/10/31/16:01:07.801,2018/10/31/16:01:07.832,2018/10/31/16:01:07.863,2018/10/31/16:01:07.894,2018/10/31/16:01:07.926,2018/10/31/16:01:07.957,2018/10/31/16:01:07.988,2018/10/31/16:01:08.019,2018/10/31/16:01:08.051,2018/10/31/16:01:08.082,2018/10/31/16:01:08.113,2018/10/31/16:01:08.144,2018/10/31/16:01:08.176,2018/10/31/16:01:08.207,2018/10/31/16:01:08.238,2018/10/31/16:01:08.269,2018/10/31/16:01:08.301,2018/10/31/16:01:08.332,2018/10/31/16:01:08.363,2018/10/31/16:01:08.394,2018/10/31/16:01:08.426,2018/10/31/16:01:08.457,2018/10/31/16:01:08.488,2018/10/31/16:01:08.519,2018/10/31/16:01:08.551,2018/10/31/16:01:08.582,2018/10/31/16:01:08.613,2018/10/31/16:01:08.644,2018/10/31/16:01:08.676,2018/10/31/16:01:08.707,2018/10/31/16:01:08.738,2018/10/31/16:01:08.769,2018/10/31/16:01:08.801,2018/10/31/16:01:08.832,2018/10/31/16:01:08.863,2018/10/31/16:01:08.894,2018/10/31/16:01:08.926,2018/10/31/16:01:08.957,2018/10/31/16:01:08.988,2018/10/31/16:01:09.019,2018/10/31/16:01:09.051,2018/10/31/16:01:09.083,2018/10/31/16:01:09.100,2018/10/31/16:01:09.113,2018/10/31/16:01:09.145,2018/10/31/16:01:09.176,2018/10/31/16:01:09.207,2018/10/31/16:01:09.238,2018/10/31/16:01:09.270,2018/10/31/16:01:09.301,2018/10/31/16:01:09.332,2018/10/31/16:01:09.363,2018/10/31/16:01:09.395,2018/10/31/16:01:09.426,2018/10/31/16:01:09.457,2018/10/31/16:01:09.488,2018/10/31/16:01:09.520,2018/10/31/16:01:09.551,2018/10/31/16:01:09.582,2018/10/31/16:01:09.613,2018/10/31/16:01:09.645,2018/10/31/16:01:09.676,2018/10/31/16:01:09.707,2018/10/31/16:01:09.738,2018/10/31/16:01:09.770,2018/10/31/16:01:09.801,2018/10/31/16:01:09.832,2018/10/31/16:01:09.863,2018/10/31/16:01:09.895,2018/10/31/16:01:11.566,2018/10/31/16:01:11.598,2018/10/31/16:01:11.629,2018/10/31/16:01:11.660,2018/10/31/16:01:11.691,2018/10/31/16:01:11.723,2018/10/31/16:01:11.754,2018/10/31/16:01:11.785,2018/10/31/16:01:11.816,2018/10/31/16:01:11.848,2018/10/31/16:01:11.879,2018/10/31/16:01:11.910,2018/10/31/16:01:11.941,2018/10/31/16:01:11.973,2018/10/31/16:01:12.004,2018/10/31/16:01:12.035,2018/10/31/16:01:12.066,2018/10/31/16:01:12.098,2018/10/31/16:01:12.129,2018/10/31/16:01:12.160,2018/10/31/16:01:12.191,2018/10/31/16:01:12.223,2018/10/31/16:01:12.254,2018/10/31/16:01:12.285,2018/10/31/16:01:12.316,2018/10/31/16:01:12.348,2018/10/31/16:01:12.379,2018/10/31/16:01:12.410,2018/10/31/16:01:12.441,2018/10/31/16:01:12.473,2018/10/31/16:01:12.504,2018/10/31/16:01:12.535,2018/10/31/16:01:12.566,2018/10/31/16:01:12.598,2018/10/31/16:01:12.630,2018/10/31/16:01:12.634,2018/10/31/16:01:12.666,2018/10/31/16:01:12.697,2018/10/31/16:01:12.728,2018/10/31/16:01:12.759,2018/10/31/16:01:12.791,2018/10/31/16:01:12.822,2018/10/31/16:01:12.853,2018/10/31/16:01:12.884,2018/10/31/16:01:12.916,2018/10/31/16:01:12.947,2018/10/31/16:01:12.978,2018/10/31/16:01:13.009,2018/10/31/16:01:13.041,2018/10/31/16:01:13.072,2018/10/31/16:01:13.103,2018/10/31/16:01:13.134,2018/10/31/16:01:13.166,2018/10/31/16:01:13.197,2018/10/31/16:01:13.228,2018/10/31/16:01:13.259,2018/10/31/16:01:13.291,2018/10/31/16:01:13.322,2018/10/31/16:01:13.353,2018/10/31/16:01:13.384,2018/10/31/16:01:13.416,2018/10/31/16:01:13.447,2018/10/31/16:01:13.478,2018/10/31/16:01:13.509,2018/10/31/16:01:13.541,2018/10/31/16:01:13.587,2018/10/31/16:01:13.619,2018/10/31/16:01:13.650,2018/10/31/16:01:13.681,2018/10/31/16:01:13.712,2018/10/31/16:01:13.744,2018/10/31/16:01:13.775,2018/10/31/16:01:13.806,2018/10/31/16:01:13.837,2018/10/31/16:01:13.869,2018/10/31/16:01:13.900,2018/10/31/16:01:13.931,2018/10/31/16:01:13.962,2018/10/31/16:01:13.994,2018/10/31/16:01:14.025,2018/10/31/16:01:14.056,2018/10/31/16:01:14.087,2018/10/31/16:01:14.119,2018/10/31/16:01:14.150,2018/10/31/16:01:14.181,2018/10/31/16:01:14.212,2018/10/31/16:01:14.244,2018/10/31/16:01:14.275,2018/10/31/16:01:14.295,2018/10/31/16:01:14.309,2018/10/31/16:01:14.340,2018/10/31/16:01:14.372,2018/10/31/16:01:14.403,2018/10/31/16:01:14.434,2018/10/31/16:01:14.465,2018/10/31/16:01:14.497,2018/10/31/16:01:14.528,2018/10/31/16:01:14.559,2018/10/31/16:01:14.590,2018/10/31/16:01:14.622,2018/10/31/16:01:14.653,2018/10/31/16:01:14.684,2018/10/31/16:01:14.715,2018/10/31/16:01:14.747,2018/10/31/16:01:14.778,2018/10/31/16:01:14.809,2018/10/31/16:01:14.840,2018/10/31/16:01:14.872,2018/10/31/16:01:14.903,2018/10/31/16:01:14.934,2018/10/31/16:01:14.965,2018/10/31/16:01:14.997,2018/10/31/16:01:15.028,2018/10/31/16:01:15.059,2018/10/31/16:01:15.090,2018/10/31/16:01:15.122,2018/10/31/16:01:15.153,2018/10/31/16:01:15.184,2018/10/31/16:01:15.215,2018/10/31/16:01:15.247,2018/10/31/16:01:15.279
526,434,335,230,122,11,-101,-210,-315,-414,-507,-467,-380,-287,-191,-91,10,111,210,306,398,484,448,367,281,193,101,9,-84,-175,-264,-350,-432,-401,-325,-245,-162,-77,8,94,178,261,340,417,389,317,243,166,87,8,-72,-151,-228,-303,-375,-352,-284,-213,-141,-67,7,81,155,227,297,365,344,279,213,145,76,7,-63,-132,-200,-267,-331,-313,-251,-188,-124,-59,6,72,137,201,264,325,308,249,190,129,68,6,-56,-117,-178,-238,-296,-281,-226,-169,-111,-53,6,64,122,180,237,292,278,225,171,116,61,5,-50,-106,-161,-215,-268,882,824,760,689,611,526,434,335,230,122,11,10,111,210,306,398,484,565,640,708,771,829,781,724,662,596,524,448,367,281,193,101,9,8,94,178,261,340,417,489,557,622,681,737,697,643,585,523,458,389,317,243,166,87,8,7,81,155,227,297,365,430,493,552,608,661,628,577,522,466,406,344,279,213,145,76,7,6,72,137,201,264,325,384,441,496,548,598,570,522,471,419,364,308,249,190,129,68,6,6,64,122,180,237,292,346,398,449,498,545,521,476,429,380,330,278,225,171,116,61,5,11,-101,-210,-315,-414,-507,-593,-672,-743,-809,-868,-815,-757,-693,-623,-548,-467,-380,-287,-191,-91,10,9,-84,-175,-264,-350,-432,-509,-581,-648,-710,-767,-724,-668,-608,-543,-474,-401,-325,-245,-162,-77,8,8,-72,-151,-228,-303,-375,-444,-510,-572,-630,-685,-649,-596,-540,-480,-417,-352,-284,-213,-141,-67,7,7,-63,-132,-200,-267,-331,-394,-453,-511,-565,-617,-587,-537,-484,-429,-372,-313,-251,-188,-124,-59,6,6,-56,-117,-178,-238,-296,-353,-408,-461,-511,-560,-535,-488,-439,-388,-335,-281,-226,-169,-111,-53,6,5,-50,-106,-161,-215,-268,-320,-370,-419,-466,-512
-499,-516,-530,-541,-548,-550,-548,-541,-530,-516,-499,-466,-480,-491,-499,-505,-507,-505,-499,-491,-480,-466,-436,-447,-456,-463,-468,-469,-468,-463,-456,-447,-436,-410,-419,-426,-432,-435,-436,-435,-432,-426,-419,-410,-386,-393,-399,-404,-407,-408,-407,-404,-399,-393,-386,-364,-370,-375,-379,-382,-382,-382,-379,-375,-370,-364,-345,-350,-354,-357,-359,-360,-359,-357,-354,-350,-345,-327,-332,-335,-338,-340,-340,-340,-338,-335,-332,-327,-311,-315,-318,-320,-322,-322,-322,-320,-318,-315,-311,-296,-300,-302,-304,-306,-306,-306,-304,-302,-300,-296,-283,-286,-288,-290,-291,-291,-291,-290,-288,-286,-283,-404,-423,-442,-462,-481,-499,-516,-530,-541,-548,-550,-507,-505,-499,-491,-480,-466,-451,-435,-419,-402,-386,-368,-382,-397,-411,-424,-436,-447,-456,-463,-468,-469,-436,-435,-432,-426,-419,-410,-399,-388,-376,-364,-352,-336,-347,-357,-368,-377,-386,-393,-399,-404,-407,-408,-382,-382,-379,-375,-370,-364,-357,-349,-340,-331,-322,-308,-316,-324,-332,-338,-345,-350,-354,-357,-359,-360,-340,-340,-338,-335,-332,-327,-322,-316,-309,-302,-295,-283,-290,-296,-301,-306,-311,-315,-318,-320,-322,-322,-306,-306,-304,-302,-300,-296,-292,-288,-283,-278,-272,-262,-267,-271,-276,-279,-283,-286,-288,-290,-291,-291,-550,-548,-541,-530,-516,-499,-481,-462,-442,-423,-404,-386,-402,-419,-435,-451,-466,-480,-491,-499,-505,-507,-469,-468,-463,-456,-447,-436,-424,-411,-397,-382,-368,-352,-364,-376,-388,-399,-410,-419,-426,-432,-435,-436,-408,-407,-404,-399,-393,-386,-377,-368,-357,-347,-336,-322,-331,-340,-349,-357,-364,-370,-375,-379,-382,-382,-360,-359,-357,-354,-350,-345,-338,-332,-324,-316,-308,-295,-302,-309,-316,-322,-327,-332,-335,-338,-340,-340,-322,-322,-320,-318,-315,-311,-306,-301,-296,-290,-283,-272,-278,-283,-288,-292,-296,-300,-302,-304,-306,-306,-291,-291,-290,-288,-286,-283,-279,-276,-271,-267,-262
2018/10/31/17:59:27.274,2018/10/31/17:59:27.305,2018/10/31/17:59:27.336,2018/10/31/17:59:27.368,2018/10/31/17:59:27.430,2018/10/31/17:59:27.461,2018/10/31/17:59:27.493,2018/10/31/17:59:27.524,2018/10/31/17:59:27.555,2018/10/31/17:59:27.586,2018/10/31/17:59:27.618,2018/10/31/17:59:27.649,2018/10/31/17:59:27.680,2018/10/31/17:59:27.711,2018/10/31/17:59:27.743,2018/10/31/17:59:27.774,2018/10/31/17:59:27.805,2018/10/31/17:59:27.852,2018/10/31/17:59:27.883,2018/10/31/17:59:27.915,2018/10/31/17:59:27.946,2018/10/31/17:59:27.977,2018/10/31/17:59:28.008,2018/10/31/17:59:28.040,2018/10/31/17:59:28.071,2018/10/31/17:59:28.102,2018/10/31/17:59:28.133,2018/10/31/17:59:28.165,2018/10/31/17:59:28.196,2018/10/31/17:59:28.227,2018/10/31/17:59:28.258,2018/10/31/17:59:28.290,2018/10/31/17:59:28.321,2018/10/31/17:59:28.352,2018/10/31/17:59:28.383,2018/10/31/17:59:28.415,2018/10/31/17:59:28.446,2018/10/31/17:59:28.477,2018/10/31/17:59:28.508,2018/10/31/17:59:28.540,2018/10/31/17:59:28.571,2018/10/31/17:59:28.602,2018/10/31/17:59:28.633,2018/10/31/17:59:28.680,2018/10/31/17:59:28.727,2018/10/31/17:59:28.758,2018/10/31/17:59:28.790,2018/10/31/17:59:28.821,2018/10/31/17:59:28.852,2018/10/31/17:59:28.883,2018/10/31/17:59:28.915,2018/10/31/17:59:28.946,2018/10/31/17:59:28.977,2018/10/31/17:59:29.008,2018/10/31/17:59:29.040,2018/10/31/17:59:29.071,2018/10/31/17:59:29.102,2018/10/31/17:59:29.133,2018/10/31/17:59:29.165,2018/10/31/17:59:29.196,2018/10/31/17:59:29.227,2018/10/31/17:59:29.258,2018/10/31/17:59:29.290,2018/10/31/17:59:29.321,2018/10/31/17:59:29.352,2018/10/31/17:59:29.383,2018/10/31/17:59:29.415,2018/10/31/17:59:29.446,2018/10/31/17:59:29.477,2018/10/31/17:59:29.508,2018/10/31/17:59:29.540,2018/10/31/17:59:29.571,2018/10/31/17:59:29.602,2018/10/31/17:59:29.633,2018/10/31/17:59:29.665,2018/10/31/17:59:29.696,2018/10/31/17:59:29.727,2018/10/31/17:59:29.758,2018/10/31/17:59:29.790,2018/10/31/17:59:29.821,2018/10/31/17:59:29.852,2018/10/31/17:59:29.883,2018/10/31/17:59:29.915,2018/10/31/17:59:29.946,2018/10/31/17:59:29.977,2018/10/31/17:59:30.008,2018/10/31/17:59:30.040,2018/10/31/17:59:30.071,2018/10/31/17:59:30.102,2018/10/31/17:59:30.133,2018/10/31/17:59:30.165,2018/10/31/17:59:30.196,2018/10/31/17:59:30.227,2018/10/31/17:59:30.258,2018/10/31/17:59:30.290,2018/10/31/17:59:30.321,2018/10/31/17:59:30.352,2018/10/31/17:59:30.383,2018/10/31/17:59:30.414,2018/10/31/17:59:30.446,2018/10/31/17:59:30.477,2018/10/31/17:59:30.508,2018/10/31/17:59:30.539,2018/10/31/17:59:30.571,2018/10/31/17:59:30.602,2018/10/31/17:59:30.633,2018/10/31/17:59:30.664,2018/10/31/17:59:30.696,2018/10/31/17:59:30.727,2018/10/31/17:59:30.758,2018/10/31/17:59:30.789,2018/10/31/17:59:30.821,2018/10/31/17:59:30.852,2018/10/31/17:59:30.883,2018/10/31/17:59:30.914,2018/10/31/17:59:30.946,2018/10/31/17:59:30.977,2018/10/31/17:59:31.008,2018/10/31/17:59:31.039,2018/10/31/17:59:31.071,2018/10/31/17:59:31.102
526,434,335,230,122,11,-101,-210,-315,-414,-507,-467,-380,-287,-191,-91,10,111,210,306,398,484,448,367,281,193,101,9,-84,-175,-264,-350,-432,-401,-325,-245,-162,-77,8,94,178,261,340,417,389,317,243,166,87,8,-72,-151,-228,-303,-375,-352,-284,-213,-141,-67,7,81,155,227,297,365,344,279,213,145,76,7,-63,-132,-200,-267,-331,-313,-251,-188,-124,-59,6,72,137,201,264,325,308,249,190,129,68,6,-56,-117,-178,-238,-296,-281,-226,-169,-111,-53,6,64,122,180,237,292,278,225,171,116,61,5,-50,-106,-161,-215,-268
-499,-516,-530,-541,-548,-550,-548,-541,-530,-516,-499,-466,-480,-491,-499,-505,-507,-505,-499,-491,-480,-466,-436,-447,-456,-463,-468,-469,-468,-463,-456,-447,-436,-410,-419,-426,-432,-435,-436,-435,-432,-426,-419,-410,-386,-393,-399,-404,-407,-408,-407,-404,-399,-393,-386,-364,-370,-375,-379,-382,-382,-382,-379,-375,-370,-364,-345,-350,-354,-357,-359,-360,-359,-357,-354,-350,-345,-327,-332,-335,-338,-340,-340,-340,-338,-335,-332,-327,-311,-315,-318,-320,-322,-322,-322,-320,-318,-315,-311,-296,-300,-302,-304,-306,-306,-306,-304,-302,-300,-296,-283,-286,-288,-290,-291,-291,-291,-290,-288,-286,-283
2018/10/31/18:02:12.010,2018/10/31/18:02:13.479,2018/10/31/18:02:14.956,2018/10/31/18:02:16.464
526,434,335,230,122,-467
-499,-516,-530,-541,-548,-466
